Date,Drawdown
2010-06-01,0.0
2010-06-02,0.0
2010-06-03,0.0
2010-06-04,0.0
2010-06-07,0.0
2010-06-08,0.0
2010-06-09,0.0
2010-06-10,0.0
2010-06-11,0.0
2010-06-14,0.0
2010-06-15,0.0
2010-06-16,0.0
2010-06-17,0.0
2010-06-18,0.0
2010-06-21,0.0
2010-06-22,0.0
2010-06-23,0.0
2010-06-24,0.0
2010-06-25,0.0
2010-06-28,0.0
2010-06-29,0.0
2010-06-30,0.0
2010-07-01,0.0
2010-07-02,0.0
2010-07-05,0.0
2010-07-06,0.0
2010-07-07,0.0
2010-07-08,0.0
2010-07-09,0.0
2010-07-12,0.0
2010-07-13,0.0
2010-07-14,0.0
2010-07-15,0.0
2010-07-16,0.0
2010-07-19,0.0
2010-07-20,0.0
2010-07-21,0.0
2010-07-22,0.0
2010-07-23,0.0
2010-07-26,-0.004089496521599956
2010-07-27,-0.0012555765215997994
2010-07-28,-0.0009190485215999633
2010-07-29,0.0
2010-07-30,-0.003972931524687029
2010-08-02,0.0
2010-08-03,0.0
2010-08-04,0.0
2010-08-05,-0.004659907664981144
2010-08-06,-0.004694944564717862
2010-08-09,0.0
2010-08-10,-0.0035292396084952715
2010-08-11,-0.005900538618170081
2010-08-12,-0.006195128040036191
2010-08-13,0.0
2010-08-16,-0.0017906405431707961
2010-08-17,0.0
2010-08-18,0.0
2010-08-19,0.0
2010-08-20,-0.0005247351947075263
2010-08-23,0.0
2010-08-24,-0.0015549978768567563
2010-08-25,-0.011324811179810879
2010-08-26,-0.008759632200470047
2010-08-27,-0.01580536163155777
2010-08-30,-0.018938058084204124
2010-08-31,-0.014920034373201219
2010-09-01,-0.002956766035921432
2010-09-02,-0.0008030372247270767
2010-09-03,0.0
2010-09-06,0.0
2010-09-07,0.0
2010-09-08,0.0
2010-09-09,0.0
2010-09-13,0.0
2010-09-14,0.0
2010-09-15,0.0
2010-09-16,-0.008155422501063936
2010-09-17,0.0
2010-09-20,0.0
2010-09-21,0.0
2010-09-22,-0.0021682786103196516
2010-09-23,0.0
2010-09-24,0.0
2010-09-27,-0.0028241296647374403
2010-09-28,-0.003914424544720907
2010-09-29,-0.010235475592819565
2010-09-30,-0.007225198021743484
2010-10-01,0.0
2010-10-04,0.0
2010-10-05,-0.0003442837857227099
2010-10-06,0.0
2010-10-07,-0.007411026070676008
2010-10-08,-0.008221117072759632
2010-10-11,-0.0041758884559026654
2010-10-12,-0.010013770064467464
2010-10-13,0.0
2010-10-14,-0.009313976852580064
2010-10-15,-0.02493658614911909
2010-10-18,-0.022299137349139575
2010-10-19,-0.02760512471884291
2010-10-20,-0.030610469127464013
2010-10-21,-0.015516385916579223
2010-10-22,-0.017539811764107682
2010-10-25,-0.012026559262775294
2010-10-26,-0.017967296098092667
2010-10-27,-0.027830525549489726
2010-10-28,-0.030496473305068106
2010-10-29,-0.030830688329819944
2010-11-01,-0.021462304380187258
2010-11-02,-0.019247158285901844
2010-11-03,-0.013516277396359078
2010-11-04,0.0
2010-11-05,0.0
2010-11-08,-0.0078121365289250955
2010-11-09,-0.0031665949188817155
2010-11-10,-0.006114182052486594
2010-11-11,-0.018891353901741015
2010-11-12,-0.032487872524147865
2010-11-15,-0.02667514824668904
2010-11-16,-0.044185464820097775
2010-11-18,-0.04319606494308337
2010-11-19,-0.056978096042430426
2010-11-22,-0.044193194506636946
2010-11-23,-0.05353065584595884
2010-11-24,-0.06617384646186764
2010-11-25,-0.07494704068382996
2010-11-26,-0.08025475877406263
2010-11-29,-0.06882770550698403
2010-11-30,-0.06440374824439687
2010-12-01,-0.05112672333227586
2010-12-02,-0.04725157381396994
2010-12-03,-0.04956532665136271
2010-12-06,-0.049887396923828375
2010-12-07,-0.04992862191870384
2010-12-08,-0.058493114604108665
2010-12-09,-0.07675321077181685
2010-12-10,-0.06555547153873365
2010-12-13,-0.0547880181896645
2010-12-14,-0.049987882848837484
2010-12-15,-0.05729501319053665
2010-12-16,-0.0516549185791193
2010-12-20,-0.04907835639939473
2010-12-21,-0.046522406717107834
2010-12-22,-0.05116537176497171
2010-12-23,-0.05086391398994394
2010-12-24,-0.04614365207668836
2010-12-27,-0.04620806613118156
2010-12-28,-0.04434778823742036
2010-12-29,-0.037275125054076264
2010-12-30,-0.03143921171700015
2010-12-31,-0.02783975435192465
2011-01-03,-0.026082538945352396
2011-01-04,-0.024191342305434627
2011-01-05,-0.03068685556052031
2011-01-06,-0.0369195594732743
2011-01-07,-0.05483954943325897
2011-01-10,-0.07653677954872007
2011-01-11,-0.07817547309502493
2011-01-12,-0.06732814631838424
2011-01-13,-0.07962092447785052
2011-01-14,-0.09169727141421968
2011-01-17,-0.08986018258007611
2011-01-18,-0.08163064297803557
2011-01-19,-0.09022090128523763
2011-01-20,-0.0873557641413838
2011-01-21,-0.09135201208213661
2011-01-24,-0.0835604880506493
2011-01-25,-0.08882182802164695
2011-01-27,-0.10261931849407235
2011-01-28,-0.117836494727526
2011-01-31,-0.1157262903023315
2011-02-01,-0.12717137950466828
2011-02-02,-0.12873277618558143
2011-02-03,-0.11957567419884019
2011-02-04,-0.136586137709382
2011-02-07,-0.1397733451257014
2011-02-08,-0.15185226862425039
2011-02-09,-0.16238010169060535
2011-02-10,-0.16702306673846912
2011-02-11,-0.1537022402692928
2011-02-14,-0.13240953041604842
2011-02-15,-0.12951347452603812
2011-02-16,-0.13135571648454114
2011-02-17,-0.12393521740693425
2011-02-18,-0.1331670396968876
2011-02-21,-0.12554814533144198
2011-02-22,-0.1335921724565422
2011-02-23,-0.13851855934417556
2011-02-24,-0.15855905997807362
2011-02-25,-0.15731200388308697
2011-02-28,-0.15457827141039915
2011-03-01,-0.13027098380687707
2011-03-03,-0.125584217201958
2011-03-04,-0.12496068915446468
2011-03-07,-0.13515614569963497
2011-03-08,-0.12906257614458627
2011-03-09,-0.1288925230407243
2011-03-10,-0.13181176799035244
2011-03-11,-0.1373384938658616
2011-03-14,-0.1267385170584746
2011-03-15,-0.1387633327512494
2011-03-16,-0.13231677417757848
2011-03-17,-0.13845156872750275
2011-03-18,-0.14787405661875574
2011-03-21,-0.1499378829247151
2011-03-22,-0.14331354156064313
2011-03-23,-0.13523859568938612
2011-03-24,-0.13023233537418122
2011-03-25,-0.11400755677947594
2011-03-28,-0.11400755677947594
2011-03-29,-0.11400755677947594
2011-03-30,-0.11400755677947594
2011-03-31,-0.11400755677947594
2011-04-01,-0.11400755677947594
2011-04-04,-0.11400755677947594
2011-04-05,-0.11400755677947594
2011-04-06,-0.11400755677947594
2011-04-07,-0.11400755677947594
2011-04-08,-0.11400755677947594
2011-04-11,-0.11400755677947594
2011-04-13,-0.11400755677947594
2011-04-15,-0.11400755677947594
2011-04-18,-0.11400755677947594
2011-04-19,-0.11400755677947594
2011-04-20,-0.11400755677947594
2011-04-21,-0.11400755677947594
2011-04-25,-0.11400755677947594
2011-04-26,-0.11400755677947594
2011-04-27,-0.11400755677947594
2011-04-28,-0.11400755677947594
2011-04-29,-0.10969631440566463
2011-05-02,-0.12305395289601029
2011-05-03,-0.14234057517680232
2011-05-04,-0.14909246684260058
2011-05-05,-0.162344431370811
2011-05-06,-0.13928502380356889
2011-05-09,-0.1380708974300986
2011-05-10,-0.13827100344350396
2011-05-11,-0.1314606538412051
2011-05-12,-0.14207751446255046
2011-05-13,-0.13448922462836144
2011-05-16,-0.14293864483484509
2011-05-17,-0.14802223692820837
2011-05-18,-0.15269437508389572
2011-05-19,-0.15376460499828803
2011-05-20,-0.14275652587882448
2011-05-23,-0.15488879608483452
2011-05-24,-0.14679462026169965
2011-05-25,-0.15081247920501684
2011-05-26,-0.14438885133648993
2011-05-27,-0.13729520558038155
2011-05-30,-0.13303227298019715
2011-05-31,-0.1216342292403857
2011-06-01,-0.1216342292403857
2011-06-02,-0.1216342292403857
2011-06-03,-0.1216342292403857
2011-06-06,-0.1216342292403857
2011-06-07,-0.1216342292403857
2011-06-08,-0.1216342292403857
2011-06-09,-0.1216342292403857
2011-06-10,-0.1216342292403857
2011-06-13,-0.1216342292403857
2011-06-14,-0.1216342292403857
2011-06-15,-0.1216342292403857
2011-06-16,-0.1216342292403857
2011-06-17,-0.1216342292403857
2011-06-20,-0.1216342292403857
2011-06-21,-0.1216342292403857
2011-06-22,-0.1216342292403857
2011-06-23,-0.1216342292403857
2011-06-24,-0.1216342292403857
2011-06-27,-0.1216342292403857
2011-06-28,-0.1216342292403857
2011-06-29,-0.1216342292403857
2011-06-30,-0.1216342292403857
2011-07-01,-0.1216342292403857
2011-07-04,-0.1216342292403857
2011-07-05,-0.1216342292403857
2011-07-06,-0.1216342292403857
2011-07-07,-0.1216342292403857
2011-07-08,-0.1216342292403857
2011-07-11,-0.1216342292403857
2011-07-12,-0.1216342292403857
2011-07-13,-0.1216342292403857
2011-07-14,-0.1216342292403857
2011-07-15,-0.1216342292403857
2011-07-18,-0.1216342292403857
2011-07-19,-0.1216342292403857
2011-07-20,-0.1216342292403857
2011-07-21,-0.1216342292403857
2011-07-22,-0.1216342292403857
2011-07-25,-0.1216342292403857
2011-07-26,-0.1216342292403857
2011-07-27,-0.1216342292403857
2011-07-28,-0.1216342292403857
2011-07-29,-0.1216342292403857
2011-08-01,-0.1216342292403857
2011-08-02,-0.1216342292403857
2011-08-03,-0.1216342292403857
2011-08-04,-0.1216342292403857
2011-08-05,-0.1216342292403857
2011-08-08,-0.1216342292403857
2011-08-09,-0.1216342292403857
2011-08-10,-0.1216342292403857
2011-08-11,-0.1216342292403857
2011-08-12,-0.1216342292403857
2011-08-16,-0.1216342292403857
2011-08-17,-0.1216342292403857
2011-08-18,-0.1216342292403857
2011-08-19,-0.1216342292403857
2011-08-22,-0.1216342292403857
2011-08-23,-0.1216342292403857
2011-08-24,-0.1216342292403857
2011-08-25,-0.1216342292403857
2011-08-26,-0.1216342292403857
2011-08-29,-0.1216342292403857
2011-08-30,-0.1216342292403857
2011-09-02,-0.1216342292403857
2011-09-05,-0.1216342292403857
2011-09-06,-0.1216342292403857
2011-09-07,-0.1216342292403857
2011-09-08,-0.1216342292403857
2011-09-09,-0.1216342292403857
2011-09-12,-0.1216342292403857
2011-09-13,-0.1216342292403857
2011-09-14,-0.1216342292403857
2011-09-15,-0.1216342292403857
2011-09-16,-0.1216342292403857
2011-09-19,-0.1216342292403857
2011-09-20,-0.1216342292403857
2011-09-21,-0.1216342292403857
2011-09-22,-0.1216342292403857
2011-09-23,-0.1216342292403857
2011-09-26,-0.1216342292403857
2011-09-27,-0.1216342292403857
2011-09-28,-0.1216342292403857
2011-09-29,-0.1216342292403857
2011-09-30,-0.1216342292403857
2011-10-03,-0.1216342292403857
2011-10-04,-0.1216342292403857
2011-10-05,-0.1216342292403857
2011-10-07,-0.1216342292403857
2011-10-10,-0.1216342292403857
2011-10-11,-0.1216342292403857
2011-10-12,-0.1216342292403857
2011-10-13,-0.1216342292403857
2011-10-14,-0.1216342292403857
2011-10-17,-0.1216342292403857
2011-10-18,-0.1216342292403857
2011-10-19,-0.1216342292403857
2011-10-20,-0.1216342292403857
2011-10-21,-0.1216342292403857
2011-10-24,-0.1216342292403857
2011-10-25,-0.1216342292403857
2011-10-26,-0.1216342292403857
2011-10-28,-0.1216342292403857
2011-10-31,-0.1216342292403857
2011-11-01,-0.1216342292403857
2011-11-02,-0.1216342292403857
2011-11-03,-0.1216342292403857
2011-11-04,-0.1216342292403857
2011-11-08,-0.1216342292403857
2011-11-09,-0.1216342292403857
2011-11-11,-0.1216342292403857
2011-11-14,-0.1216342292403857
2011-11-15,-0.1216342292403857
2011-11-16,-0.1216342292403857
2011-11-17,-0.1216342292403857
2011-11-18,-0.1216342292403857
2011-11-21,-0.1216342292403857
2011-11-22,-0.1216342292403857
2011-11-23,-0.1216342292403857
2011-11-24,-0.1216342292403857
2011-11-25,-0.1216342292403857
2011-11-28,-0.1216342292403857
2011-11-29,-0.1216342292403857
2011-11-30,-0.1216342292403857
2011-12-01,-0.1216342292403857
2011-12-02,-0.1216342292403857
2011-12-05,-0.1216342292403857
2011-12-07,-0.1216342292403857
2011-12-08,-0.1216342292403857
2011-12-09,-0.1216342292403857
2011-12-12,-0.1216342292403857
2011-12-13,-0.1216342292403857
2011-12-14,-0.1216342292403857
2011-12-15,-0.1216342292403857
2011-12-16,-0.1216342292403857
2011-12-19,-0.1216342292403857
2011-12-20,-0.1216342292403857
2011-12-21,-0.1216342292403857
2011-12-22,-0.1216342292403857
2011-12-23,-0.1216342292403857
2011-12-26,-0.1216342292403857
2011-12-27,-0.1216342292403857
2011-12-28,-0.1216342292403857
2011-12-29,-0.1216342292403857
2011-12-30,-0.1216342292403857
2012-01-02,-0.1216342292403857
2012-01-03,-0.1216342292403857
2012-01-04,-0.1216342292403857
2012-01-05,-0.1216342292403857
2012-01-06,-0.1216342292403857
2012-01-07,-0.1216342292403857
2012-01-09,-0.1216342292403857
2012-01-10,-0.1216342292403857
2012-01-11,-0.1216342292403857
2012-01-12,-0.1216342292403857
2012-01-13,-0.1216342292403857
2012-01-16,-0.1216342292403857
2012-01-17,-0.1216342292403857
2012-01-18,-0.1216342292403857
2012-01-19,-0.1216342292403857
2012-01-20,-0.1216342292403857
2012-01-23,-0.1216342292403857
2012-01-24,-0.1216342292403857
2012-01-25,-0.1216342292403857
2012-01-27,-0.1216342292403857
2012-01-30,-0.1216342292403857
2012-01-31,-0.1216342292403857
2012-02-01,-0.1216342292403857
2012-02-02,-0.1216342292403857
2012-02-03,-0.1216342292403857
2012-02-06,-0.1216342292403857
2012-02-07,-0.1216342292403857
2012-02-08,-0.1216342292403857
2012-02-09,-0.1216342292403857
2012-02-10,-0.1216342292403857
2012-02-13,-0.1216342292403857
2012-02-14,-0.1216342292403857
2012-02-15,-0.1216342292403857
2012-02-16,-0.1216342292403857
2012-02-17,-0.1216342292403857
2012-02-21,-0.1216342292403857
2012-02-22,-0.1216342292403857
2012-02-23,-0.1216342292403857
2012-02-24,-0.1216342292403857
2012-02-27,-0.1216342292403857
2012-02-28,-0.1216342292403857
2012-02-29,-0.1216342292403857
2012-03-01,-0.1216342292403857
2012-03-02,-0.1216342292403857
2012-03-03,-0.1216342292403857
2012-03-05,-0.1216342292403857
2012-03-06,-0.1216342292403857
2012-03-07,-0.1216342292403857
2012-03-09,-0.1216342292403857
2012-03-12,-0.1216342292403857
2012-03-13,-0.1216342292403857
2012-03-14,-0.1216342292403857
2012-03-15,-0.1216342292403857
2012-03-16,-0.1216342292403857
2012-03-19,-0.1216342292403857
2012-03-20,-0.1216342292403857
2012-03-21,-0.1216342292403857
2012-03-22,-0.1216342292403857
2012-03-23,-0.1216342292403857
2012-03-26,-0.1216342292403857
2012-03-27,-0.1216342292403857
2012-03-28,-0.1216342292403857
2012-03-29,-0.1216342292403857
2012-03-30,-0.1216342292403857
2012-04-02,-0.1216342292403857
2012-04-03,-0.1216342292403857
2012-04-04,-0.1216342292403857
2012-04-09,-0.1216342292403857
2012-04-10,-0.1216342292403857
2012-04-11,-0.1216342292403857
2012-04-12,-0.1216342292403857
2012-04-13,-0.1216342292403857
2012-04-16,-0.1216342292403857
2012-04-17,-0.1216342292403857
2012-04-18,-0.1216342292403857
2012-04-19,-0.1216342292403857
2012-04-20,-0.1216342292403857
2012-04-23,-0.1216342292403857
2012-04-24,-0.1216342292403857
2012-04-25,-0.1216342292403857
2012-04-26,-0.1216342292403857
2012-04-27,-0.1216342292403857
2012-04-28,-0.1216342292403857
2012-04-30,-0.1216342292403857
2012-05-02,-0.1216342292403857
2012-05-03,-0.1216342292403857
2012-05-04,-0.12928422009731733
2012-05-07,-0.11867898019035572
2012-05-08,-0.12946639316812614
2012-05-09,-0.13502151883367752
2012-05-10,-0.13080386634621655
2012-05-11,-0.13573176321100822
2012-05-14,-0.143161657314124
2012-05-15,-0.14077495948770413
2012-05-16,-0.14776671582558365
2012-05-17,-0.1471856067895858
2012-05-18,-0.15283758396113656
2012-05-21,-0.14975678367505252
2012-05-22,-0.15442871584541662
2012-05-23,-0.15573390518817365
2012-05-24,-0.14719713673077606
2012-05-25,-0.14550915334049652
2012-05-28,-0.1311912723702151
2012-05-29,-0.13568333745800842
2012-05-30,-0.14474356524545173
2012-05-31,-0.1477574918726312
2012-06-01,-0.15981089239311141
2012-06-04,-0.16703785953127548
2012-06-05,-0.16882500041579285
2012-06-06,-0.14972449983971925
2012-06-07,-0.14858303566186637
2012-06-08,-0.1439410813385974
2012-06-11,-0.14586427552916204
2012-06-12,-0.13542276078710447
2012-06-13,-0.13393539837353863
2012-06-14,-0.14358826513817013
2012-06-15,-0.13105060708769178
2012-06-18,-0.13783021250766725
2012-06-19,-0.13343038694939757
2012-06-20,-0.12453619031509633
2012-06-21,-0.12180590024120153
2012-06-22,-0.12436785317371601
2012-06-25,-0.12562461676347347
2012-06-26,-0.12351463752562397
2012-06-27,-0.1221379625474861
2012-06-28,-0.11827773823692866
2012-06-29,-0.10485458070302489
2012-07-02,-0.09881289151923733
2012-07-03,-0.09599036191581889
2012-07-04,-0.09674442006967332
2012-07-05,-0.09166432798116797
2012-07-06,-0.09759763571776547
2012-07-09,-0.10561325083335549
2012-07-10,-0.09905732627247466
2012-07-11,-0.10170229478156012
2012-07-12,-0.10832048102486946
2012-07-13,-0.10958646856757914
2012-07-16,-0.11185325500561849
2012-07-17,-0.11334292340742269
2012-07-18,-0.10829972713072678
2012-07-19,-0.10619435986935333
2012-07-20,-0.10691844017611274
2012-07-23,-0.11623002068150745
2012-07-24,-0.109422743402675
2012-07-25,-0.10963720030881707
2012-07-26,-0.11618620690498371
2012-07-27,-0.11302008505409045
2012-07-30,-0.10387914767831419
2012-07-31,-0.10160774926379867
2012-08-01,-0.09497572709106061
2012-08-02,-0.0898841050613649
2012-08-03,-0.09005244220274522
2012-08-06,-0.08482246087876433
2012-08-07,-0.08157101746306172
2012-08-08,-0.07795292191750358
2012-08-09,-0.07596285406803449
2012-08-10,-0.07231708666361925
2012-08-13,-0.06591105133821373
2012-08-14,-0.06081712332027989
2012-08-16,-0.06185481802741899
2012-08-17,-0.05815370690528954
2012-08-21,-0.051157338590934076
2012-08-22,-0.051699245826884344
2012-08-23,-0.04965383425970127
2012-08-24,-0.05215352550978747
2012-08-27,-0.054881509595444244
2012-08-28,-0.06299167022879582
2012-08-29,-0.069370033695344
2012-08-30,-0.06376648227679316
2012-08-31,-0.06842457851772843
2012-09-03,-0.06592258127940431
2012-09-04,-0.06356124932360319
2012-09-05,-0.06278643727560618
2012-09-06,-0.055372685090156804
2012-09-07,-0.040517508860401175
2012-09-08,-0.03610384737270278
2012-09-10,-0.03317293632209428
2012-09-11,-0.029817723435678123
2012-09-12,-0.023506233628034057
2012-09-13,-0.02441479299384053
2012-09-14,-0.014005562087116341
2012-09-17,-0.017845032503530978
2012-09-18,-0.017561395950246306
2012-09-20,-0.020109512953332298
2012-09-21,-0.011441303166363603
2012-09-24,-0.014941793311779694
2012-09-25,-0.01079332047146142
2012-09-26,-0.0030820958032986567
2012-09-27,0.0
2012-09-28,0.0
2012-10-01,0.0
2012-10-03,0.0
2012-10-04,-0.00728669323858222
2012-10-05,-0.018349360275316196
2012-10-08,-0.021322883915655066
2012-10-09,-0.01117857650397358
2012-10-10,-0.017034233627789774
2012-10-11,-0.014172161398257832
2012-10-12,-0.005173574489675481
2012-10-15,-0.0002942317245314685
2012-10-16,-0.0055213028913944084
2012-10-17,-0.00170074852891966
2012-10-18,0.0
2012-10-19,-0.004248373323454069
2012-10-22,0.0
2012-10-23,0.0
2012-10-25,0.0
2012-10-26,-0.012744942009304872
2012-10-29,-0.01711937783437356
2012-10-30,-0.019754660114422617
2012-10-31,-0.009140513097298353
2012-11-01,-0.004310268582313426
2012-11-02,-0.0007257536421965138
2012-11-05,-0.0013718513968349333
2012-11-06,0.0
2012-11-07,0.0
2012-11-08,0.0
2012-11-09,-0.004601459859305601
2012-11-12,0.0
2012-11-13,0.0
2012-11-15,-0.00017678042591529053
2012-11-16,-0.01119467371820737
2012-11-19,-0.020796193718527034
2012-11-20,-0.025006975670752163
2012-11-21,-0.019024129690074165
2012-11-22,-0.009264998225685384
2012-11-23,-0.006800721686118116
2012-11-26,0.0
2012-11-27,0.0
2012-11-29,0.0
2012-11-30,0.0
2012-12-03,0.0
2012-12-04,0.0
2012-12-05,-0.001232008372940907
2012-12-06,-0.005250947205539536
2012-12-07,-0.00945088225987234
2012-12-10,-0.006941616458557065
2012-12-11,-0.009189671803505939
2012-12-12,-0.009051867861958218
2012-12-13,-0.021158046965681687
2012-12-14,-0.01539290594839704
2012-12-17,-0.01553070988994476
2012-12-18,-0.004788172774969124
2012-12-19,0.0
2012-12-20,0.0
2012-12-21,-0.014319941189096408
2012-12-24,-0.008760290062484577
2012-12-26,-0.004832698585194861
2012-12-27,-0.012239423493097368
2012-12-28,-0.010056518115208357
2012-12-31,-0.005449072430170898
2013-01-01,0.0
2013-01-02,0.0
2013-01-03,-0.0005567326992180766
2013-01-04,-0.00015702717157428658
2013-01-07,-0.004072509891349552
2013-01-08,-0.0005689685827173774
2013-01-09,-0.004221379807257897
2013-01-10,-0.008495781776346023
2013-01-11,-0.02260579476495317
2013-01-14,-0.021155842570286354
2013-01-15,-0.01452399371366675
2013-01-16,-0.017856232653308934
2013-01-17,-0.019369403579388877
2013-01-18,-0.019648789585956172
2013-01-21,-0.016975249041359497
2013-01-22,-0.025057050092646027
2013-01-23,-0.030308283427761484
2013-01-24,-0.038310551236302226
2013-01-25,-0.02758783866308412
2013-01-28,-0.02650088434556308
2013-01-29,-0.028566709343027852
2013-01-30,-0.02542412659762494
2013-01-31,-0.019762991165283017
2013-02-01,-0.018198837391289358
2013-02-04,-0.021526997703098405
2013-02-05,-0.02340112719240761
2013-02-06,-0.020656210660731644
2013-02-07,-0.029933049667116185
2013-02-08,-0.03820450691264177
2013-02-11,-0.036010205138434226
2013-02-12,-0.03043064226275416
2013-02-13,-0.03542492204438452
2013-02-14,-0.0400602825767018
2013-02-15,-0.04088212608507136
2013-02-18,-0.038379887909465005
2013-02-19,-0.024284150118273562
2013-02-20,-0.02191854597507603
2013-02-21,-0.030722264152820866
2013-02-22,-0.02959452355696901
2013-02-25,-0.03386688621214051
2013-02-26,-0.044985225685169494
2013-02-27,-0.04187731127634764
2013-02-28,-0.054592433546034935
2013-03-01,-0.0475302894530234
2013-03-04,-0.06135275917939709
2013-03-05,-0.04728353246912087
2013-03-06,-0.044432571613784555
2013-03-07,-0.037949592673073074
2013-03-08,-0.02664771494755469
2013-03-11,-0.024579850636173295
2013-03-12,-0.025008106558648824
2013-03-13,-0.035616617552540086
2013-03-14,-0.035261776931060584
2013-03-15,-0.03802300797406888
2013-03-18,-0.03809030533331492
2013-03-19,-0.046851197918812426
2013-03-20,-0.05234307029608076
2013-03-21,-0.05866494343738471
2013-03-22,-0.06240708447425336
2013-03-25,-0.06492971578902518
2013-03-26,-0.06262733037724066
2013-03-28,-0.05484938709952025
2013-04-01,-0.05262449561656468
2013-04-02,-0.04896596645027429
2013-04-03,-0.0521432175322587
2013-04-04,-0.07249760973334118
2013-04-05,-0.07538527823917551
2013-04-08,-0.07216112293711041
2013-04-09,-0.08419919298650325
2013-04-10,-0.0769535106410022
2013-04-11,-0.06711382099364993
2013-04-12,-0.0704807282698735
2013-04-15,-0.07260161474308502
2013-04-16,-0.06670595821033998
2013-04-17,-0.06094285708217073
2013-04-18,-0.0585425846023917
2013-04-22,-0.049950955071967784
2013-04-23,-0.049092403913100435
2013-04-25,-0.04337620700501177
2013-04-26,-0.04866414799062513
2013-04-29,-0.03926087152141444
2013-04-30,-0.02692914026803861
2013-05-02,-0.012757947861934738
2013-05-03,-0.016137091021657723
2013-05-06,-0.006434035406714389
2013-05-07,0.0
2013-05-08,0.0
2013-05-09,0.0
2013-05-10,0.0
2013-05-11,0.0
2013-05-13,-0.010648517175426697
2013-05-14,-0.007818631797035902
2013-05-15,0.0
2013-05-16,0.0
2013-05-17,0.0
2013-05-20,-0.0071248648552053595
2013-05-21,-0.010101248189592793
2013-05-22,-0.009861723937089284
2013-05-23,-0.022505463167599715
2013-05-24,-0.020710994587369025
2013-05-27,-0.007464518098509565
2013-05-28,-0.0022205076195198625
2013-05-29,0.0
2013-05-30,0.0
2013-05-31,-0.0010778818759907827
2013-06-03,-0.005383530024266725
2013-06-04,0.0
2013-06-05,-0.0035017927382666736
2013-06-06,-0.008877948719003603
2013-06-07,-0.01311470961666239
2013-06-10,-0.013888564980254925
2013-06-11,-0.021187693208713054
2013-06-12,-0.026803005495284027
2013-06-13,-0.03947440098405919
2013-06-14,-0.029610661638569402
2013-06-17,-0.018205044646524837
2013-06-18,-0.013849677776054059
2013-06-19,-0.009865683705699735
2013-06-20,-0.031065043075673038
2013-06-21,-0.04397753923049197
2013-06-24,-0.06381390209323312
2013-06-25,-0.0731196100584438
2013-06-26,-0.07458371329659752
2013-06-27,-0.06584964723313613
2013-06-28,-0.05114250660445796
2013-07-01,-0.035968719525372284
2013-07-02,-0.036824238017786226
2013-07-03,-0.04421669553632579
2013-07-04,-0.033240782150698145
2013-07-05,-0.032686639490839164
2013-07-08,-0.033361332483720085
2013-07-09,-0.030069530648136666
2013-07-10,-0.03265164100705864
2013-07-11,-0.025900822357829312
2013-07-12,-0.01946499006262503
2013-07-15,-0.006781928412589844
2013-07-16,-0.010297331672326715
2013-07-17,-0.015531549357731489
2013-07-18,-0.009634304840705932
2013-07-19,-0.008899336681314152
2013-07-22,-0.012202804678157597
2013-07-23,-0.012010313017364549
2013-07-24,-0.020676326473474838
2013-07-25,-0.03246887114731567
2013-07-26,-0.03718977773727217
2013-07-29,-0.05479401507889714
2013-07-30,-0.07485786808621187
2013-07-31,-0.08184784304127513
2013-08-01,-0.08457189169552914
2013-08-02,-0.09122938105467693
2013-08-05,-0.09225405888536353
2013-08-06,-0.11069242675709201
2013-08-07,-0.11131267766409203
2013-08-08,-0.10349440525955544
2013-08-12,-0.08374359424605582
2013-08-13,-0.06597991936720826
2013-08-14,-0.05819664544645231
2013-08-16,-0.07858131788842204
2013-08-19,-0.09532225929679317
2013-08-20,-0.10946747982477223
2013-08-21,-0.11929427632627132
2013-08-22,-0.1150964026328134
2013-08-23,-0.10023565754754282
2013-08-26,-0.09419258601476477
2013-08-27,-0.11384034593713299
2013-08-28,-0.12398407315286708
2013-08-29,-0.10618345543002894
2013-08-30,-0.10108923167974648
2013-09-02,-0.09277709178186189
2013-09-03,-0.10527349485173432
2013-09-04,-0.09321457282911894
2013-09-05,-0.07855604120569193
2013-09-06,-0.07128607838038414
2013-09-10,-0.04488944416899665
2013-09-11,-0.03859555016912486
2013-09-12,-0.04086850725465152
2013-09-13,-0.04780404012383388
2013-09-16,-0.05194552737120084
2013-09-17,-0.05194747173141101
2013-09-18,-0.04434696767039792
2013-09-19,-0.032793579302390796
2013-09-20,-0.03848472163715311
2013-09-23,-0.039120527425833385
2013-09-24,-0.03785863764952291
2013-09-25,-0.03566734369281732
2013-09-26,-0.03411185552479212
2013-09-27,-0.029945091594694828
2013-09-30,-0.0317144593858234
2013-10-01,-0.030905605538450343
2013-10-03,-0.02027967699062827
2013-10-04,-0.01990247110988219
2013-10-07,-0.012815278144317377
2013-10-08,-0.01162532969577823
2013-10-09,0.0
2013-10-10,0.0
2013-10-11,0.0
2013-10-14,0.0
2013-10-15,-0.004510094616776761
2013-10-17,-0.018295088693872086
2013-10-18,-0.006216461624652947
2013-10-21,-0.004104090345542599
2013-10-22,-0.0001742754183127193
2013-10-23,-0.0033782619549870274
2013-10-24,-0.011986701573845404
2013-10-25,-0.015221329942310735
2013-10-28,-0.026053217480523028
2013-10-29,-0.010933388606020666
2013-10-30,-0.005304867128862689
2013-10-31,-0.004544566677541884
2013-11-01,-0.00420367629886409
2013-11-03,0.0
2013-11-05,-0.015379329597569713
2013-11-06,-0.010548116588825929
2013-11-07,-0.015251438933173933
2013-11-08,-0.011924372842995967
2013-11-11,-0.01799249854619489
2013-11-12,-0.021443637668995597
2013-11-13,-0.022779808789548994
2013-11-14,-0.016278381880113435
2013-11-18,-0.005474483962495946
2013-11-19,-0.00627809545071456
2013-11-20,-0.016186758717561256
2013-11-21,-0.02855015921445314
2013-11-22,-0.026788322151209187
2013-11-25,-0.017891331304210056
2013-11-26,-0.013283449754187382
2013-11-27,-0.014329480859991972
2013-11-28,-0.00957080285493539
2013-11-29,-0.005707359500649711
2013-12-02,0.0
2013-12-03,-0.003383857025341608
2013-12-04,-0.00994838774173068
2013-12-05,-0.013525933553034553
2013-12-06,-0.011289017966136572
2013-12-09,-0.006327167008102097
2013-12-10,-0.0009380613751509559
2013-12-11,-0.004145319801526548
2013-12-12,-0.010088907057036689
2013-12-13,-0.013772791809653073
2013-12-16,-0.010453497712965776
2013-12-17,-0.008679916084644135
2013-12-18,0.0
2013-12-19,0.0
2013-12-20,0.0
2013-12-23,0.0
2013-12-24,-0.0013829645571429294
2013-12-26,-0.0030417814824442724
2013-12-27,0.0
2013-12-30,-0.001779228220541329
2013-12-31,0.0
2014-01-01,0.0
2014-01-02,-0.011858063145986364
2014-01-03,-0.002298188089593478
2014-01-06,-0.0015914768959085501
2014-01-07,-0.00603549715541829
2014-01-08,-0.0025515027512261756
2014-01-09,-0.004212732959758214
2014-01-10,-0.00031205429331537804
2014-01-13,0.0
2014-01-14,-0.000987141530333746
2014-01-15,0.0
2014-01-16,-0.005483839803116286
2014-01-17,-0.018714082684759936
2014-01-20,-0.0015485501675133184
2014-01-21,-0.0036978939731302507
2014-01-22,-0.001521158360304864
2014-01-23,-0.006163156621883714
2014-01-24,-0.014862794591262829
2014-01-27,-0.028982358146938503
2014-01-28,-0.03173066947017844
2014-01-29,-0.026058739257564745
2014-01-30,-0.03550343438301151
2014-01-31,-0.021471524610402692
2014-02-03,-0.024842543017513097
2014-02-04,-0.027824597762264536
2014-02-05,-0.02331590629576652
2014-02-06,-0.01781197916736421
2014-02-07,-0.01775902167342802
2014-02-10,-0.021942663694386688
2014-02-11,-0.018306857817595446
2014-02-12,-0.01648438957799847
2014-02-13,-0.024194270246914895
2014-02-14,-0.021022298972185438
2014-02-17,-0.01965453473224732
2014-02-18,-0.01641682312021786
2014-02-19,-0.009819049823961201
2014-02-20,-0.013538857242858193
2014-02-21,-0.008087887608392075
2014-02-24,-0.005723061586069167
2014-02-25,-0.0010518453968014763
2014-02-26,0.0
2014-02-28,0.0
2014-03-03,-0.008287939789433874
2014-03-04,-0.006526234700525713
2014-03-05,-0.004528554799095086
2014-03-06,-0.0009997406179385049
2014-03-07,-0.012594930451580666
2014-03-10,-0.019940772325371503
2014-03-11,-0.02135481986605936
2014-03-12,-0.015273514773877617
2014-03-13,-0.02124493846480857
2014-03-14,-0.022626561985455318
2014-03-18,-0.019223841215570303
2014-03-19,-0.017217154641906096
2014-03-20,-0.013936924614399104
2014-03-21,-0.010429726446603449
2014-03-22,-0.006702765476305994
2014-03-24,-0.009656953968953608
2014-03-25,-0.009161586996101034
2014-03-26,-0.017943092423940765
2014-03-27,-0.01276965989291401
2014-03-28,-0.008628391999867091
2014-03-31,-0.004908636367356611
2014-04-01,-0.000922283236728938
2014-04-02,0.0
2014-04-03,-0.0007403215489637516
2014-04-04,0.0
2014-04-07,-0.005508412871240043
2014-04-09,-0.002044102872515663
2014-04-10,-0.00997344453711757
2014-04-11,-0.008507022911182438
2014-04-15,-0.00894606065858361
2014-04-16,-0.019106140675365757
2014-04-17,-0.0038624656886750985
2014-04-21,0.0
2014-04-22,-0.0012748499007719793
2014-04-23,0.0
2014-04-25,-0.0022622333424155983
2014-04-28,-0.0012231129922588568
2014-04-29,-0.005143032424469229
2014-04-30,-0.010392955812445148
2014-05-02,-0.000150698735435828
2014-05-05,-0.00637140234935929
2014-05-06,-0.001787357094704789
2014-05-07,-0.004422832653955711
2014-05-08,-2.4532352280282055e-05
2014-05-09,0.0
2014-05-12,0.0
2014-05-13,0.0
2014-05-14,0.0
2014-05-15,-0.003286667399304055
2014-05-16,-0.009503242810572798
2014-05-19,-0.01691935703144609
2014-05-20,-0.0021560676017456926
2014-05-21,0.0
2014-05-22,0.0
2014-05-23,0.0
2014-05-26,-0.012134415195091175
2014-05-27,-0.0034573852423082085
2014-05-28,0.0
2014-05-29,-0.0007067797580321278
2014-05-30,0.0
2014-06-02,0.0
2014-06-03,0.0
2014-06-04,0.0
2014-06-05,0.0
2014-06-06,0.0
2014-06-09,0.0
2014-06-10,0.0
2014-06-11,0.0
2014-06-12,0.0
2014-06-13,-0.00946058125203586
2014-06-16,-0.003822019075138905
2014-06-17,0.0
2014-06-18,-0.0022153628444401274
2014-06-19,-0.0002863498881627846
2014-06-20,0.0
2014-06-23,0.0
2014-06-24,0.0
2014-06-25,0.0
2014-06-26,0.0
2014-06-27,0.0
2014-06-30,0.0
2014-07-01,0.0
2014-07-02,0.0
2014-07-03,0.0
2014-07-04,0.0
2014-07-07,0.0
2014-07-08,-0.024923308182984827
2014-07-09,-0.04231440282043719
2014-07-10,-0.04389153988208183
2014-07-11,-0.050959555570586845
2014-07-14,-0.05050103597480726
2014-07-15,-0.030384375938293018
2014-07-16,-0.017027685917577196
2014-07-17,-0.0012052109498976726
2014-07-18,-0.005334726442538962
2014-07-21,0.0
2014-07-22,0.0
2014-07-23,-0.002391993195966058
2014-07-24,-0.008525888380899627
2014-07-25,-0.014075199632462398
2014-07-28,-0.012342628409646061
2014-07-30,-0.005530954751239436
2014-07-31,-0.0026588684698962695
2014-08-01,-0.010742788804551817
2014-08-04,0.0
2014-08-05,0.0
2014-08-06,0.0
2014-08-07,-0.003495934530629574
2014-08-08,-0.014348482495697867
2014-08-11,-0.0022964866880580415
2014-08-12,0.0
2014-08-13,-0.002002060632355973
2014-08-14,0.0
2014-08-18,0.0
2014-08-19,0.0
2014-08-20,0.0
2014-08-21,0.0
2014-08-22,0.0
2014-08-25,0.0
2014-08-26,0.0
2014-08-27,0.0
2014-08-28,-0.003159580477116286
2014-09-01,0.0
2014-09-02,0.0
2014-09-03,0.0
2014-09-04,0.0
2014-09-05,0.0
2014-09-08,0.0
2014-09-09,0.0
2014-09-10,0.0
2014-09-11,0.0
2014-09-12,0.0
2014-09-15,0.0
2014-09-16,-0.035889463112243836
2014-09-17,-0.028609107098429454
2014-09-18,-0.014022304855406786
2014-09-19,-0.012109417699472158
2014-09-22,-0.01111680359561773
2014-09-23,-0.03194628283110157
2014-09-24,-0.0506363644042751
2014-09-25,-0.06565246928241752
2014-09-26,-0.054723040870084505
2014-09-29,-0.027861978203055027
2014-09-30,-0.02122439022303879
2014-10-01,-0.026705707293547154
2014-10-07,-0.03341207856869299
2014-10-08,-0.03916022738754921
2014-10-09,-0.01915733361250338
2014-10-10,-0.038704834537035326
2014-10-13,-0.030535039362060923
2014-10-14,-0.030259906181542284
2014-10-16,-0.06398862509160785
2014-10-17,-0.06049016439104549
2014-10-20,-0.04531989005830184
2014-10-21,-0.032335264224248705
2014-10-22,-0.02121134511534195
2014-10-23,-0.01348982727759207
2014-10-27,-0.017156688459334046
2014-10-28,-0.015458452620959462
2014-10-29,-0.00750093692578202
2014-10-30,0.0
2014-10-31,0.0
2014-11-03,0.0
2014-11-05,0.0
2014-11-07,0.0
2014-11-10,0.0
2014-11-11,0.0
2014-11-12,0.0
2014-11-13,0.0
2014-11-14,0.0
2014-11-17,0.0
2014-11-18,0.0
2014-11-19,-0.007222482418563825
2014-11-20,-0.009251671535711048
2014-11-21,-0.01820308378432267
2014-11-24,-0.019987296010190336
2014-11-25,-0.03024272241901993
2014-11-26,-0.027911106077682435
2014-11-27,-0.024639689007410204
2014-11-28,-0.02193193558078954
2014-12-01,-0.02383538434666066
2014-12-02,-0.017158138106475818
2014-12-03,-0.0045645915450357455
2014-12-04,-0.000727342894020433
2014-12-05,-9.105335782078061e-05
2014-12-08,-0.010657578739204587
2014-12-09,-0.025074360394149564
2014-12-10,-0.01512027724096443
2014-12-11,-0.025556726396890217
2014-12-12,-0.03733296067503444
2014-12-15,-0.03994532486965241
2014-12-16,-0.0719527480807215
2014-12-17,-0.08341679941776614
2014-12-18,-0.0514874219419722
2014-12-19,-0.04008732474911103
2014-12-22,-0.038596867999069806
2014-12-23,-0.043763062086849214
2014-12-24,-0.04587029693927114
2014-12-26,-0.04403188628612953
2014-12-29,-0.031603102943603134
2014-12-30,-0.02406843758393995
2014-12-31,-0.0064463609399969535
2015-01-01,-0.0036529739982832377
2015-01-02,0.0
2015-01-05,0.0
2015-01-06,-0.03088604911625581
2015-01-07,-0.027775139570148877
2015-01-08,-0.00323897443308252
2015-01-09,-0.004484405458916485
2015-01-12,0.0
2015-01-13,0.0
2015-01-14,-0.0032737737011646617
2015-01-15,0.0
2015-01-16,0.0
2015-01-19,0.0
2015-01-20,0.0
2015-01-21,0.0
2015-01-22,0.0
2015-01-23,-0.005351807834919287
2015-01-27,0.0
2015-01-28,0.0
2015-01-29,-0.002332246923425596
2015-01-30,-0.002735476408882942
2015-02-02,0.0
2015-02-03,-0.0014337307933897092
2015-02-04,-0.005656279712317636
2015-02-05,-0.02011356933708075
2015-02-06,-0.0374141225605491
2015-02-09,-0.059039057902756986
2015-02-10,-0.04711146628123908
2015-02-11,-0.022894321466594425
2015-02-12,-0.008175895220531859
2015-02-13,-0.0006896426601115113
2015-02-16,-0.002341155346167856
2015-02-18,0.0
2015-02-19,-0.002361768559922095
2015-02-20,-0.0022027841395039216
2015-02-23,-0.011196902766303363
2015-02-24,-0.017510284090328843
2015-02-25,-0.011162906097786252
2015-02-26,-0.023069739294887426
2015-02-27,-0.004527556324863347
2015-02-28,-0.0041245958127344995
2015-03-02,0.0
2015-03-03,0.0
2015-03-04,-0.011403024316761545
2015-03-05,-8.660524797554636e-05
2015-03-09,-0.014251374694619345
2015-03-10,-0.010527349031677069
2015-03-11,-0.015848760379498894
2015-03-12,0.0
2015-03-13,-0.015953453539101603
2015-03-16,-0.013071106891280881
2015-03-17,-0.0029302261602429658
2015-03-18,-0.003150471917385489
2015-03-19,-0.010073849413646419
2015-03-20,-0.028258488231626133
2015-03-23,-0.03257722025211529
2015-03-24,-0.035028651288135926
2015-03-25,-0.04195202878439652
2015-03-26,-0.054326967565057616
2015-03-27,-0.05321616287686104
2015-03-30,-0.027080652226038393
2015-03-31,-0.021488325175116563
2015-04-01,-0.0017523901546553367
2015-04-06,0.0
2015-04-07,-0.00012330128830051468
2015-04-08,0.0
2015-04-09,-0.0008407459141743789
2015-04-10,-0.00043905619962458786
2015-04-13,-0.005072500348852094
2015-04-15,-0.01484383619581231
2015-04-16,-0.023438127762928085
2015-04-17,-0.046054192854218745
2015-04-20,-0.06569028076082506
2015-04-21,-0.06613867858171785
2015-04-22,-0.07238542072403376
2015-04-23,-0.07616036987867669
2015-04-24,-0.10707926795350275
2015-04-27,-0.13909860901377058
2015-04-28,-0.1214616280586458
2015-04-29,-0.10815635688577296
2015-04-30,-0.10538936866601223
2015-05-04,-0.08308157707658559
2015-05-05,-0.08088816440271718
2015-05-06,-0.11653859365009145
2015-05-07,-0.14370869910982687
2015-05-08,-0.1212822689302886
2015-05-11,-0.10229916035035791
2015-05-12,-0.12305063783643544
2015-05-13,-0.10925306322270711
2015-05-14,-0.09728364389124444
2015-05-15,-0.09379174586104022
2015-05-18,-0.08273313460326648
2015-05-19,-0.08296387264860106
2015-05-20,-0.08040146593462283
2015-05-21,-0.08083585132361282
2015-05-22,-0.07660596521318896
2015-05-25,-0.07541397433931518
2015-05-26,-0.07729631102493884
2015-05-27,-0.07662091180721886
2015-05-28,-0.0816345599420788
2015-05-29,-0.0631400181544961
2015-06-01,-0.0608886874287623
2015-06-02,-0.08749549312600102
2015-06-03,-0.10405071433822122
2015-06-04,-0.10426650578952612
2015-06-05,-0.1016863499951377
2015-06-08,-0.11741764021146706
2015-06-09,-0.12801477537857187
2015-06-10,-0.11173606615590204
2015-06-11,-0.12937491543528046
2015-06-12,-0.13492477263095815
2015-06-15,-0.1303212216697901
2015-06-16,-0.12336638463531435
2015-06-17,-0.1049344317102312
2015-06-18,-0.09006537313699414
2015-06-19,-0.08256965623106594
2015-06-22,-0.06978284503860044
2015-06-23,-0.06778934305988027
2015-06-24,-0.0756213583314781
2015-06-25,-0.07112617017702572
2015-06-26,-0.06745491301846418
2015-06-29,-0.0836981240803133
2015-06-30,-0.07018453475315045
2015-07-01,-0.05422811146424744
2015-07-02,-0.042672525954984164
2015-07-03,-0.04830552357995255
2015-07-06,-0.03948703310239021
2015-07-07,-0.03659113050912288
2015-07-08,-0.05531173953140567
2015-07-09,-0.0590297047963102
2015-07-10,-0.05472321739148356
2015-07-13,-0.04182243841954125
2015-07-14,-0.04151416491767734
2015-07-15,-0.03719833589158217
2015-07-16,-0.02280289751666298
2015-07-17,-0.017450148529752685
2015-07-20,-0.010668131488746235
2015-07-21,-0.025951023884182578
2015-07-22,-0.015516432927151658
2015-07-23,-0.012433697908512342
2015-07-24,-0.0171231917853516
2015-07-27,-0.029015075660284828
2015-07-28,-0.026969260602460632
2015-07-29,-0.014404779996187944
2015-07-30,-0.00902400614547183
2015-07-31,0.0
2015-08-03,0.0
2015-08-04,0.0
2015-08-05,0.0
2015-08-06,-0.00513056849287663
2015-08-07,-0.008163904601822924
2015-08-10,-0.009928100083584135
2015-08-11,-0.02169240362777669
2015-08-12,-0.04621112042531339
2015-08-13,-0.05300687342903598
2015-08-14,-0.032268575520987386
2015-08-17,-0.030801412951971696
2015-08-18,-0.012925432203106602
2015-08-19,-0.008298919562161777
2015-08-20,-0.02410467091916435
2015-08-21,-0.03670606721745784
2015-08-24,-0.1274640236569745
2015-08-25,-0.11345127097327201
2015-08-26,-0.11209122027279195
2015-08-27,-0.08856081298493557
2015-08-28,-0.08438435021178692
2015-08-31,-0.09212520793788159
2015-09-01,-0.11562501183472773
2015-09-02,-0.11869075153415554
2015-09-03,-0.10900297807997439
2015-09-04,-0.13103741960727644
2015-09-07,-0.153007954053351
2015-09-08,-0.1469592838301702
2015-09-09,-0.128350621896533
2015-09-10,-0.1273182074998085
2015-09-11,-0.11841622111479988
2015-09-14,-0.11212902446168682
2015-09-15,-0.1191254997064467
2015-09-16,-0.1278996719290012
2015-09-18,-0.12332266477351383
2015-09-21,-0.11867544983865053
2015-09-22,-0.12751352914243208
2015-09-23,-0.1199742937571101
2015-09-24,-0.11830640894705746
2015-09-28,-0.11288600833932005
2015-09-29,-0.11370959959738725
2015-09-30,-0.09395223344152603
2015-10-01,-0.09395223344152603
2015-10-05,-0.09395223344152603
2015-10-06,-0.09395223344152603
2015-10-07,-0.09395223344152603
2015-10-08,-0.09395223344152603
2015-10-09,-0.09395223344152603
2015-10-12,-0.09395223344152603
2015-10-13,-0.09395223344152603
2015-10-14,-0.09395223344152603
2015-10-15,-0.09395223344152603
2015-10-16,-0.09395223344152603
2015-10-19,-0.09395223344152603
2015-10-20,-0.09395223344152603
2015-10-21,-0.09395223344152603
2015-10-23,-0.09395223344152603
2015-10-26,-0.09395223344152603
2015-10-27,-0.09395223344152603
2015-10-28,-0.09395223344152603
2015-10-29,-0.09395223344152603
2015-10-30,-0.09647064914346837
2015-11-02,-0.09627679178118687
2015-11-03,-0.09421205701783897
2015-11-04,-0.09797996717837476
2015-11-05,-0.10642968649305917
2015-11-06,-0.10990065640819546
2015-11-09,-0.11146382371040209
2015-11-10,-0.1231906555779414
2015-11-11,-0.11836883832881151
2015-11-13,-0.12729550829672842
2015-11-16,-0.12278447824744665
2015-11-17,-0.12007970647847077
2015-11-18,-0.12889867791178689
2015-11-19,-0.11726415907390553
2015-11-20,-0.11232079633572611
2015-11-23,-0.1112191941818087
2015-11-24,-0.11304083796705755
2015-11-26,-0.11135304807481272
2015-11-27,-0.10790977206857388
2015-11-30,-0.10924523389762453
2015-12-01,-0.10513884262834328
2015-12-02,-0.10431110246241082
2015-12-03,-0.11202231753983238
2015-12-04,-0.12011047748835668
2015-12-07,-0.1201366328467599
2015-12-08,-0.1265939292713285
2015-12-09,-0.13756225574517877
2015-12-10,-0.12993719949543792
2015-12-11,-0.13479440340593674
2015-12-14,-0.12932331784821305
2015-12-15,-0.12391531286075574
2015-12-16,-0.1211089967591562
2015-12-17,-0.10933446982629369
2015-12-18,-0.11727339037687134
2015-12-21,-0.10893290814728196
2015-12-22,-0.11445476587131753
2015-12-23,-0.10819132680903043
2015-12-24,-0.10786361555374491
2015-12-28,-0.10199404541799806
2015-12-29,-0.10093552267792116
2015-12-30,-0.10384646021313282
2015-12-31,-0.09923080873023893
2016-01-01,-0.09829844713069447
2016-01-04,-0.11273928207017514
2016-01-05,-0.11236079864857784
2016-01-06,-0.11732108544219455
2016-01-07,-0.13573138065696422
2016-01-08,-0.1329266031058589
2016-01-11,-0.13789612120244144
2016-01-12,-0.14165633861050564
2016-01-13,-0.14021010114586552
2016-01-14,-0.1418271177153727
2016-01-15,-0.15149844612252972
2016-01-18,-0.16295449310307253
2016-01-19,-0.15693414501888459
2016-01-20,-0.16835942098954126
2016-01-21,-0.17320277794559136
2016-01-22,-0.15696799312975906
2016-01-25,-0.15657566275371304
2016-01-27,-0.15672182505067134
2016-01-28,-0.15823883583804932
2016-01-29,-0.14395493304898688
2016-02-01,-0.14486267784062268
2016-02-02,-0.15401243763021266
2016-02-03,-0.16383146688482242
2016-02-04,-0.1609574545614738
2016-02-05,-0.1517599997065604
2016-02-08,-0.1613528620385083
2016-02-09,-0.16972719237897227
2016-02-10,-0.17810152271943613
2016-02-11,-0.2018028930840965
2016-02-12,-0.202229071571017
2016-02-15,-0.1868712605369346
2016-02-16,-0.19726724622690606
2016-02-17,-0.19239004115998137
2016-02-18,-0.18316489239617073
2016-02-19,-0.18044627367274624
2016-02-22,-0.17726916690202088
2016-02-23,-0.1904206965272801
2016-02-24,-0.19961507428120462
2016-02-25,-0.20545233485657122
2016-02-26,-0.20308758274683536
2016-02-29,-0.20776939190098387
2016-03-01,-0.18250793133510546
2016-03-02,-0.16925793447821136
2016-03-03,-0.15889118124763157
2016-03-04,-0.15836038132709873
2016-03-08,-0.15870040098633875
2016-03-09,-0.15387396808572595
2016-03-10,-0.15846038710922805
2016-03-11,-0.15661104941508208
2016-03-14,-0.15354779538093466
2016-03-15,-0.16309296264755935
2016-03-16,-0.1594989086928792
2016-03-17,-0.15704184355348538
2016-03-18,-0.14826595153400968
2016-03-21,-0.1394946751660171
2016-03-22,-0.1390131088613017
2016-03-23,-0.13823306376069266
2016-03-28,-0.14634122486564305
2016-03-29,-0.14842903788640527
2016-03-30,-0.13658066052981654
2016-03-31,-0.13571599515202115
2016-04-01,-0.135885235706394
2016-04-04,-0.13162345083718852
2016-04-05,-0.1434179789264769
2016-04-06,-0.14043165241704447
2016-04-07,-0.14881367550997981
2016-04-08,-0.1476259145283818
2016-04-11,-0.13665451095354297
2016-04-12,-0.1313342033442606
2016-04-13,-0.11547482484903704
2016-04-18,-0.10842518648416366
2016-04-20,-0.10922061708971575
2016-04-21,-0.11683182638500789
2016-04-22,-0.11887040578995267
2016-04-25,-0.12314296051261797
2016-04-26,-0.11421167489321837
2016-04-27,-0.10913445826203505
2016-04-28,-0.12210751602995562
2016-04-29,-0.12103668488592423
2016-05-02,-0.1198658479597634
2016-05-03,-0.12571387838859005
2016-05-04,-0.12761091114805934
2016-05-05,-0.12529077700265812
2016-05-06,-0.12434610699915916
2016-05-09,-0.113274697642191
2016-05-10,-0.1100098934932906
2016-05-11,-0.1115115187757254
2016-05-12,-0.10884521076910714
2016-05-13,-0.1170302993987723
2016-05-16,-0.11364548831131671
2016-05-17,-0.11084994206317722
2016-05-18,-0.11435168298819953
2016-05-19,-0.12251215480995592
2016-05-20,-0.12522769643239184
2016-05-23,-0.12573387954501591
2016-05-24,-0.12414917253588897
2016-05-25,-0.10650661401777406
2016-05-26,-0.0930089105312979
2016-05-27,-0.0859192698535729
2016-05-30,-0.08226982808109806
2016-05-31,-0.08694856013425811
2016-06-01,-0.08106206594307419
2016-06-02,-0.07664642602443894
2016-06-03,-0.07492171092033095
2016-06-06,-0.0781372814534137
2016-06-07,-0.07273081501645062
2016-06-08,-0.07084762921142984
2016-06-09,-0.07911426101729291
2016-06-10,-0.08086205437881544
2016-06-13,-0.08547770586170933
2016-06-14,-0.08711164648665393
2016-06-15,-0.07483247499166157
2016-06-16,-0.0803404857612483
2016-06-17,-0.07600177336732805
2016-06-20,-0.06950909028139063
2016-06-21,-0.07112302974990925
2016-06-22,-0.07253849620466335
2016-06-23,-0.06973371865355826
2016-06-24,-0.08108052854900583
2016-06-27,-0.08103129493318817
2016-06-28,-0.07648641677303192
2016-06-29,-0.06638275567697716
2016-06-30,-0.057254535594307154
2016-07-01,-0.05242040994122299
2016-07-04,-0.05114341303095582
2016-07-05,-0.05485439682320248
2016-07-07,-0.05403281085924738
2016-07-08,-0.054058966217650384
2016-07-11,-0.04173209965733515
2016-07-12,-0.03908271570615385
2016-07-13,-0.04119668408531929
2016-07-14,-0.03637948248767242
2016-07-15,-0.03924734060904378
2016-07-18,-0.04263830589847639
2016-07-19,-0.041861337898856044
2016-07-20,-0.03788418487109568
2016-07-21,-0.038758081551857115
2016-07-22,-0.0363364030738319
2016-07-25,-0.026971246215040212
2016-07-26,-0.030591455528123368
2016-07-27,-0.027978996788805444
2016-07-28,-0.019252338385147172
2016-07-29,-0.02135553691085257
2016-08-01,-0.018559990662713077
2016-08-02,-0.017530700382027864
2016-08-03,-0.027869759703710306
2016-08-04,-0.028479025699452265
2016-08-05,-0.015125945959440168
2016-08-08,-0.010321052765747574
2016-08-09,-0.015836756287805676
2016-08-10,-0.02862826509739913
2016-08-11,-0.02434340197077922
2016-08-12,-0.017999958282788775
2016-08-16,-0.018364594749937346
2016-08-17,-0.02121706736636586
2016-08-18,-0.01589829830757772
2016-08-19,-0.016850661063548156
2016-08-22,-0.019675439771079106
2016-08-23,-0.020052384642182286
2016-08-24,-0.017356844176172226
2016-08-25,-0.024534182232072155
2016-08-26,-0.02668046017161796
2016-08-29,-0.026091195332301753
2016-08-30,-0.011965763244151995
2016-08-31,-0.005902335746123755
2016-09-01,-0.007114713535630646
2016-09-02,-0.00386529489167331
2016-09-06,0.0
2016-09-07,-0.005500841440018833
2016-09-08,0.0
2016-09-09,-0.010773408209996616
2016-09-12,-0.025795097304502135
2016-09-14,-0.024045086559122075
2016-09-15,-0.0238740558405508
2016-09-16,-0.018895840282139975
2016-09-19,-0.01621279588455471
2016-09-20,-0.02109022548380768
2016-09-21,-0.02213778863505611
2016-09-22,-0.012665435534190195
2016-09-23,-0.015107204453791101
2016-09-26,-0.025245355709094808
2016-09-27,-0.025314073408520765
2016-09-28,-0.023423573144314314
2016-09-29,-0.04012197410481222
2016-09-30,-0.03716864008948517
2016-10-03,-0.021157416123246398
2016-10-04,-0.018068173769054563
2016-10-05,-0.018721755443594446
2016-10-06,-0.02132997390180469
2016-10-07,-0.02558130890628818
2016-10-10,-0.023192987086240624
2016-10-13,-0.034015261215829096
2016-10-14,-0.034647464050547416
2016-10-17,-0.045329248661309496
2016-10-18,-0.032650069587234265
2016-10-19,-0.033283799481939824
2016-10-20,-0.03416338603459157
2016-10-21,-0.0355484294430205
2016-10-24,-0.037579419226053234
2016-10-25,-0.039938726906343036
2016-10-26,-0.041154266656188265
2016-10-27,-0.046051548035275336
2016-10-28,-0.04095269473787222
2016-10-30,-0.04022123300398295
2016-11-01,-0.04173760357131495
2016-11-02,-0.051759698267588194
2016-11-03,-0.05501386310040224
2016-11-04,-0.05906820736653129
2016-11-07,-0.056261471109979366
2016-11-08,-0.05372044329120762
2016-11-09,-0.07086474576798052
2016-11-10,-0.06969196369777808
2016-11-11,-0.09459220384975608
2016-11-15,-0.11982687013894011
2016-11-16,-0.11590538009170115
2016-11-17,-0.121103492288275
2016-11-18,-0.11848000323019214
2016-11-21,-0.1327274729111657
2016-11-22,-0.12291305837315758
2016-11-23,-0.11833493253140415
2016-11-24,-0.12087748741016313
2016-11-25,-0.10495635998317165
2016-11-28,-0.10180145404952856
2016-11-29,-0.09800670998123062
2016-11-30,-0.08972393661042666
2016-12-01,-0.09346370651918379
2016-12-02,-0.10425238532905279
2016-12-05,-0.09841138087784984
2016-12-06,-0.09824645839922763
2016-12-07,-0.10230385678533127
2016-12-08,-0.08799683176485529
2016-12-09,-0.0881968766231841
2016-12-12,-0.09938564514971049
2016-12-13,-0.0957955271197033
2016-12-14,-0.10054773780000226
2016-12-15,-0.10365225075406648
2016-12-16,-0.10445395724736883
2016-12-19,-0.10921991146755305
2016-12-20,-0.1111027764318232
2016-12-21,-0.11310169795512381
2016-12-22,-0.12180899400238099
2016-12-23,-0.12219992135911517
2016-12-26,-0.131124059924561
2016-12-27,-0.11973219241973121
2016-12-28,-0.11769967557671124
2016-12-29,-0.11025678519889082
2016-12-30,-0.10018735164301296
2017-01-02,-0.09809986064045229
2017-01-03,-0.09610857441708798
2017-01-04,-0.09633152517522536
2017-01-05,-0.08854351924028803
2017-01-06,-0.09323922870105905
2017-01-09,-0.0946792462690289
2017-01-10,-0.08996673914839826
2017-01-11,-0.08073108034555487
2017-01-12,-0.07797015588862022
2017-01-13,-0.08085935338448336
2017-01-16,-0.08141367615985229
2017-01-17,-0.08090821930407499
2017-01-18,-0.07852295160400213
2017-01-19,-0.07844659860463998
2017-01-20,-0.08437617253510288
2017-01-23,-0.07928953571759789
2017-01-24,-0.06944916115980648
2017-01-25,-0.05815960667412201
2017-01-27,-0.055911774372900735
2017-01-30,-0.054984848960644594
2017-01-31,-0.0631989046320226
2017-02-01,-0.05100227651391587
2017-02-02,-0.04860784645391947
2017-02-03,-0.04805046955857584
2017-02-06,-0.040661026280308876
2017-02-07,-0.042620244243941174
2017-02-08,-0.04065949922032164
2017-02-09,-0.03841319397908782
2017-02-10,-0.03482002182910593
2017-02-13,-0.03302267222412136
2017-02-14,-0.034913172488327704
2017-02-15,-0.04037088488273277
2017-02-16,-0.03246834944875221
2017-02-17,-0.0303243572266636
2017-02-20,-0.024298578517004343
2017-02-21,-0.021650656499125676
2017-02-22,-0.02303569990755483
2017-02-23,-0.022075179175579218
2017-02-27,-0.02372134984182661
2017-02-28,-0.024515421035192664
2017-03-01,-0.017474147434017095
2017-03-02,-0.021945379076663496
2017-03-03,-0.020412210849471868
2017-03-06,-0.015088879733944238
2017-03-07,-0.01575315082839468
2017-03-08,-0.016962582338290844
2017-03-09,-0.015357642291698892
2017-03-10,-0.014210820241279731
2017-03-14,0.0
2017-03-15,-0.00040835909736502973
2017-03-16,0.0
2017-03-17,0.0
2017-03-20,-0.0017978060736230095
2017-03-21,-0.0016694991750018096
2017-03-22,-0.01020417217270464
2017-03-23,-0.00504623484812905
2017-03-24,-0.005918721758753742
2017-03-27,-0.010500032785996205
2017-03-28,-0.006519499942886364
2017-03-29,-0.004899814034408312
2017-03-30,-0.0007668224058778872
2017-03-31,0.0
2017-04-03,0.0
2017-04-05,0.0
2017-04-06,0.0
2017-04-07,-0.0061383152149698805
2017-04-10,-0.009150829797158866
2017-04-11,-0.005115759547784426
2017-04-12,-0.007321856322470177
2017-04-13,-0.011376304448919461
2017-04-17,-0.013482530626372724
2017-04-18,-0.018610215021587995
2017-04-19,-0.01676037306389544
2017-04-20,-0.012269177400295539
2017-04-21,-0.014704827488022931
2017-04-24,-0.007447067220492931
2017-04-25,0.0
2017-04-26,0.0
2017-04-27,-0.00036132747865968984
2017-04-28,-0.0025352401280434034
2017-05-02,0.0
2017-05-03,0.0
2017-05-04,-0.00011261643025139989
2017-05-05,-0.006802921464265421
2017-05-08,-0.00213823037964167
2017-05-09,-0.0006771803766433271
2017-05-10,0.0
2017-05-11,-0.0005818937626802523
2017-05-12,-0.0024155186924357253
2017-05-15,0.0
2017-05-16,0.0
2017-05-17,-0.0017431621104342376
2017-05-18,-0.009566275608556718
2017-05-19,-0.014399654927296224
2017-05-22,-0.019212646385095122
2017-05-23,-0.025224152811053724
2017-05-24,-0.03152982694487183
2017-05-25,-0.022230049804326413
2017-05-26,-0.01634378309557505
2017-05-29,-0.012869109080958507
2017-05-30,-0.010533242727461034
2017-05-31,-0.0105215925212091
2017-06-01,-0.0078973835629782
2017-06-02,-0.002309653389430899
2017-06-05,-0.00038736935787431204
2017-06-06,-0.002835368946545902
2017-06-07,-0.0003728066000594499
2017-06-08,-0.001210165174411748
2017-06-09,-0.0014766636424229374
2017-06-12,-0.005685300650906666
2017-06-13,-0.005589186449328709
2017-06-14,-0.0036727275208982
2017-06-15,-0.00619354089864399
2017-06-16,-0.005833840780617883
2017-06-19,-0.0029897341793830856
2017-06-20,-0.0034440922232055193
2017-06-21,-0.00365525221152041
2017-06-22,-0.005619768240739842
2017-06-23,-0.009748310081241995
2017-06-27,-0.016619019218275355
2017-06-28,-0.018465576909194703
2017-06-29,-0.019014592878813574
2017-06-30,-0.01651707991357143
2017-07-03,-0.01034392687586827
2017-07-04,-0.008584745731837873
2017-07-05,-0.004303294934280055
2017-07-06,-0.0035372938732203263
2017-07-07,-0.004217374663172513
2017-07-10,0.0
2017-07-11,0.0
2017-07-12,0.0
2017-07-13,0.0
2017-07-14,-0.0004889974695209132
2017-07-17,0.0
2017-07-18,0.0
2017-07-19,0.0
2017-07-20,-0.004843364913860837
2017-07-21,0.0
2017-07-24,0.0
2017-07-25,-0.0021605021500783472
2017-07-26,0.0
2017-07-27,-0.0011018793387913561
2017-07-28,0.0
2017-07-31,0.0
2017-08-01,0.0
2017-08-02,-0.0018574306660010809
2017-08-03,-0.003581987903334749
2017-08-04,-0.00022798283023961474
2017-08-07,-0.0016028731500279392
2017-08-08,-0.007635326811520682
2017-08-09,-0.013094326728238959
2017-08-10,-0.02286541907212669
2017-08-11,-0.031191687712716742
2017-08-14,-0.02211853053624968
2017-08-16,-0.014139131477864497
2017-08-17,-0.013045373359782508
2017-08-18,-0.016932270815216866
2017-08-21,-0.026577483068788155
2017-08-22,-0.02672574184182741
2017-08-23,-0.02200943445797554
2017-08-24,-0.020368797280852724
2017-08-28,-0.013441196310443937
2017-08-29,-0.02456619895906731
2017-08-30,-0.01702738021678918
2017-08-31,-0.011558589626379678
2017-09-01,-0.004797430108722467
2017-09-04,-0.009449398779745932
2017-09-05,-0.004851978147859537
2017-09-06,-0.006478628648280527
2017-09-07,-0.004042149566824471
2017-09-08,-0.005710760097350942
2017-09-11,0.0
2017-09-12,0.0
2017-09-13,0.0
2017-09-14,-0.0012631921648696975
2017-09-15,0.0
2017-09-18,0.0
2017-09-19,-3.989527507253232e-05
2017-09-20,-0.0033567059026601287
2017-09-21,-0.0036414756247299396
2017-09-22,-0.016786280911580964
2017-09-25,-0.023602870152433564
2017-09-26,-0.02597319977140211
2017-09-27,-0.03820729222728536
2017-09-28,-0.0336069543016726
2017-09-29,-0.03298101119277497
2017-10-03,-0.028690205573760008
2017-10-04,-0.022748560986223798
2017-10-05,-0.022251933596526885
2017-10-06,-0.014608549172273166
2017-10-09,-0.013905566911511125
2017-10-10,-0.009793602180752647
2017-10-11,-0.010632778656417652
2017-10-12,-0.000844679272226645
2017-10-13,0.0
2017-10-16,0.0
2017-10-17,0.0
2017-10-18,0.0
2017-10-19,-0.004966641638195379
2017-10-23,0.0
2017-10-24,0.0
2017-10-25,-0.002819641367896808
2017-10-26,0.0
2017-10-27,0.0
2017-10-30,0.0
2017-10-31,-0.0002893942569605068
2017-11-01,0.0
2017-11-02,-0.00040857929612814203
2017-11-03,-0.0007568764010240647
2017-11-06,0.0
2017-11-07,-0.00802379709500567
2017-11-08,-0.010203711282424699
2017-11-09,-0.007155310718311436
2017-11-10,-0.00706832826147763
2017-11-13,-0.01402826299982396
2017-11-14,-0.016366083801187536
2017-11-15,-0.024020540002560486
2017-11-16,-0.01651997584020104
2017-11-17,-0.013183864072714546
2017-11-20,-0.011877789028564179
2017-11-21,-0.008362359580835643
2017-11-22,-0.007485844054279878
2017-11-23,-0.005946923664143622
2017-11-24,-0.0017731039277656402
2017-11-27,-0.0009153230842200433
2017-11-28,-0.00031581322788876154
2017-11-29,-0.0009969527744794204
2017-11-30,-0.010635947183306405
2017-12-01,-0.020007303263414045
2017-12-04,-0.019947084639452273
2017-12-05,-0.022484295995711556
2017-12-06,-0.026299480371605566
2017-12-07,-0.016153311329855535
2017-12-08,-0.007784260790801856
2017-12-11,-0.002095608113872216
2017-12-12,-0.008691554725160477
2017-12-13,-0.011282293747163719
2017-12-14,-0.008894959854987117
2017-12-15,-0.0034511962488358305
2017-12-18,0.0
2017-12-19,0.0
2017-12-20,0.0
2017-12-21,0.0
2017-12-22,0.0
2017-12-26,0.0
2017-12-27,-0.0015719000963053675
2017-12-28,-0.0036406727001170314
2017-12-29,0.0
2018-01-01,-0.0063497147727282766
2018-01-02,-0.004392744943450988
2018-01-03,-0.003850011977464929
2018-01-04,0.0
2018-01-05,0.0
2018-01-08,0.0
2018-01-09,0.0
2018-01-10,0.0
2018-01-11,0.0
2018-01-12,0.0
2018-01-15,0.0
2018-01-16,-0.0012486950785565165
2018-01-17,0.0
2018-01-18,-0.0010809731675984757
2018-01-19,0.0
2018-01-22,0.0
2018-01-23,0.0
2018-01-24,-0.00012584693066486352
2018-01-25,-0.004010741680287588
2018-01-29,0.0
2018-01-30,-0.006345116333105638
2018-01-31,-0.010289377837468305
2018-02-01,-0.006003388820985167
2018-02-02,-0.02787394959668421
2018-02-05,-0.03705052245878637
2018-02-06,-0.05388654823907202
2018-02-07,-0.05439225488704491
2018-02-08,-0.04335182757238909
2018-02-09,-0.04950542628881183
2018-02-12,-0.03932244712727839
2018-02-14,-0.04014860155218469
2018-02-15,-0.040430245106129914
2018-02-16,-0.04510177285423611
2018-02-19,-0.05305789031590846
2018-02-20,-0.05240447727075548
2018-02-21,-0.04942906959196447
2018-02-22,-0.05291894616262882
2018-02-23,-0.045792738373248376
2018-02-26,-0.03806193575473216
2018-02-27,-0.03876291526677389
2018-02-28,-0.04103859518265174
2018-03-01,-0.041561826318425754
2018-03-05,-0.04953546826789945
2018-03-06,-0.05696960634292647
2018-03-07,-0.06193905038365033
2018-03-08,-0.05664039632209272
2018-03-09,-0.05680687895620262
2018-03-12,-0.04322039391388144
2018-03-13,-0.04646492765533117
2018-03-14,-0.04924506247005345
2018-03-15,-0.05132296602360542
2018-03-16,-0.06412835960965191
2018-03-19,-0.07152494521081965
2018-03-20,-0.06783353703044315
2018-03-21,-0.06475548592310332
2018-03-22,-0.06937819545519197
2018-03-23,-0.07466182852720593
2018-03-26,-0.06779348105832661
2018-03-27,-0.06334851990250534
2018-03-28,-0.06576314397166305
2018-04-02,-0.05014757359180699
2018-04-03,-0.04764157183625817
2018-04-04,-0.05657655711653187
2018-04-05,-0.043573387168159394
2018-04-06,-0.043956422401525086
2018-04-09,-0.041196315572861186
2018-04-10,-0.042539442387898085
2018-04-11,-0.03695163427762327
2018-04-12,-0.03111097284336206
2018-04-13,-0.029108174237528872
2018-04-16,-0.0221697288174455
2018-04-17,-0.020190713445056407
2018-04-18,-0.021219651228803316
2018-04-19,-0.01786621531316135
2018-04-20,-0.014213611355772926
2018-04-23,-0.008511894074791249
2018-04-24,-0.008419264639271562
2018-04-25,-0.006788235524646247
2018-04-26,-0.003511156305851526
2018-04-27,-0.002836463525511368
2018-04-30,0.0
2018-05-02,-0.005441169244181365
2018-05-03,-0.014292552446658724
2018-05-04,-0.019693923424368265
2018-05-07,-0.013152083373078383
2018-05-08,-0.017194094811613048
2018-05-09,-0.017186632636649435
2018-05-10,-0.020856779022839
2018-05-11,-0.01336226796788198
2018-05-14,-0.012473025451404496
2018-05-15,-0.012427008705796605
2018-05-16,-0.013176957289623092
2018-05-17,-0.01668666691409848
2018-05-18,-0.022030827883754878
2018-05-21,-0.02973676722934293
2018-05-22,-0.028205777666008958
2018-05-23,-0.033844694546721565
2018-05-24,-0.02881021383804816
2018-05-25,-0.018989991586149446
2018-05-28,-0.01592925615530838
2018-05-29,-0.01701624630831744
2018-05-30,-0.017886833387386503
2018-05-31,-0.010371179503366301
2018-06-01,-0.015002702764013609
2018-06-04,-0.019746158649112333
2018-06-05,-0.025330352913426668
2018-06-06,-0.01698515391263644
2018-06-07,-0.009013063660018639
2018-06-08,-0.010700758897585483
2018-06-11,-0.009218273471513494
2018-06-12,-0.0032671889381631347
2018-06-13,-0.0016541154502310862
2018-06-14,-0.004722313056035654
2018-06-15,-0.002333173371904862
2018-06-18,-0.007102746869375842
2018-06-19,-0.01711076719118776
2018-06-20,-0.013661998662247155
2018-06-21,-0.01877358851220956
2018-06-22,-0.014644518365768078
2018-06-25,-0.017635606830283757
2018-06-26,-0.013858502602951406
2018-06-27,-0.022099231154253163
2018-06-28,-0.02751179539440818
2018-06-29,-0.014990265805741143
2018-07-02,-0.01919147031016266
2018-07-03,-0.014413190941901077
2018-07-04,-0.007927317202836903
2018-07-05,-0.007472124530066515
2018-07-06,-0.005444900331663005
2018-07-09,0.0
2018-07-10,0.0
2018-07-11,0.0
2018-07-12,0.0
2018-07-13,0.0
2018-07-16,-0.006754149388042974
2018-07-17,-0.004084675648461822
2018-07-18,-0.006289786261691632
2018-07-19,-0.011480088401466304
2018-07-20,-0.010833911140987751
2018-07-23,-0.0059470420493845655
2018-07-24,-9.459248870125059e-05
2018-07-25,-0.0026596459485472845
2018-07-26,-0.0020748923820307352
2018-07-27,0.0
2018-07-30,0.0
2018-07-31,0.0
2018-08-01,0.0
2018-08-02,-0.008024050386411186
2018-08-03,-0.000240951565851244
2018-08-06,-0.0011853848390369626
2018-08-07,-0.00021431370430002872
2018-08-08,0.0
2018-08-09,-0.0010790141001458808
2018-08-10,-0.0023909697230299898
2018-08-13,-0.005238166884376172
2018-08-14,-0.0002788056567493147
2018-08-16,-0.004993155852687559
2018-08-17,0.0
2018-08-20,0.0
2018-08-21,0.0
2018-08-23,0.0
2018-08-24,-0.00045734294845900525
2018-08-27,0.0
2018-08-28,0.0
2018-08-29,-0.004361421656139397
2018-08-30,-0.004989643535524668
2018-08-31,-0.0005314827031532854
2018-09-03,-0.01130566276444489
2018-09-04,-0.022746527269165706
2018-09-05,-0.028096320268011232
2018-09-06,-0.021610133331502412
2018-09-07,-0.014944454429455023
2018-09-10,-0.029251362721574692
2018-09-11,-0.03758608379668238
2018-09-12,-0.028987952434485487
2018-09-14,-0.01840841625790135
2018-09-17,-0.02630373167711253
2018-09-18,-0.032091764799610845
2018-09-19,-0.036041753573704094
2018-09-21,-0.04294170445674661
2018-09-24,-0.058932806841095586
2018-09-25,-0.05058409937906272
2018-09-26,-0.05497699040578363
2018-09-27,-0.06013447058440935
2018-09-28,-0.06806708303542086
2018-10-01,-0.06410194234215882
2018-10-03,-0.0794683194438538
2018-10-04,-0.0989233836566491
2018-10-05,-0.11703692025687984
2018-10-08,-0.11453335699728939
2018-10-09,-0.12046708165025743
2018-10-10,-0.10980129608763511
2018-10-11,-0.12538213112218155
2018-10-12,-0.10520443691825676
2018-10-15,-0.10654713006306504
2018-10-16,-0.09983016774229225
2018-10-17,-0.10780240828959153
2018-10-19,-0.12139834191301935
2018-10-22,-0.1302260831272365
2018-10-23,-0.14004103015191594
2018-10-24,-0.13487655677982768
2018-10-25,-0.13819016494882952
2018-10-26,-0.14398635679703398
2018-10-29,-0.13065150239620782
2018-10-30,-0.1326247484848888
2018-10-31,-0.11827588103199371
2018-11-01,-0.1202537892496498
2018-11-02,-0.10982542020408459
2018-11-05,-0.10982542020408459
2018-11-06,-0.10982542020408459
2018-11-07,-0.10982542020408459
2018-11-09,-0.10982542020408459
2018-11-12,-0.10982542020408459
2018-11-13,-0.10982542020408459
2018-11-14,-0.10982542020408459
2018-11-15,-0.10982542020408459
2018-11-16,-0.10982542020408459
2018-11-19,-0.10982542020408459
2018-11-20,-0.10982542020408459
2018-11-21,-0.10982542020408459
2018-11-22,-0.10982542020408459
2018-11-26,-0.10982542020408459
2018-11-27,-0.10982542020408459
2018-11-28,-0.10982542020408459
2018-11-29,-0.10982542020408459
2018-11-30,-0.10982542020408459
2018-12-03,-0.10982542020408459
2018-12-04,-0.10982542020408459
2018-12-05,-0.10982542020408459
2018-12-06,-0.10982542020408459
2018-12-07,-0.10982542020408459
2018-12-10,-0.10982542020408459
2018-12-11,-0.10982542020408459
2018-12-12,-0.10982542020408459
2018-12-13,-0.10982542020408459
2018-12-14,-0.10982542020408459
2018-12-17,-0.10982542020408459
2018-12-18,-0.10982542020408459
2018-12-19,-0.10982542020408459
2018-12-20,-0.10982542020408459
2018-12-21,-0.10982542020408459
2018-12-24,-0.10982542020408459
2018-12-26,-0.10982542020408459
2018-12-27,-0.10982542020408459
2018-12-28,-0.10982542020408459
2018-12-31,-0.10982542020408459
2019-01-01,-0.10982542020408459
2019-01-02,-0.10982542020408459
2019-01-03,-0.10982542020408459
2019-01-04,-0.10982542020408459
2019-01-07,-0.10982542020408459
2019-01-08,-0.10982542020408459
2019-01-09,-0.10982542020408459
2019-01-10,-0.10982542020408459
2019-01-11,-0.10982542020408459
2019-01-14,-0.10982542020408459
2019-01-15,-0.10982542020408459
2019-01-16,-0.10982542020408459
2019-01-17,-0.10982542020408459
2019-01-18,-0.10982542020408459
2019-01-21,-0.10982542020408459
2019-01-22,-0.10982542020408459
2019-01-23,-0.10982542020408459
2019-01-24,-0.10982542020408459
2019-01-25,-0.10982542020408459
2019-01-28,-0.10982542020408459
2019-01-29,-0.10982542020408459
2019-01-30,-0.10982542020408459
2019-01-31,-0.10982542020408459
2019-02-01,-0.10982542020408459
2019-02-04,-0.10982542020408459
2019-02-05,-0.10982542020408459
2019-02-06,-0.10982542020408459
2019-02-07,-0.10982542020408459
2019-02-08,-0.10982542020408459
2019-02-11,-0.10982542020408459
2019-02-12,-0.10982542020408459
2019-02-13,-0.10982542020408459
2019-02-14,-0.10982542020408459
2019-02-15,-0.10982542020408459
2019-02-18,-0.10982542020408459
2019-02-19,-0.10982542020408459
2019-02-20,-0.10982542020408459
2019-02-21,-0.10982542020408459
2019-02-22,-0.10982542020408459
2019-02-25,-0.10982542020408459
2019-02-26,-0.10982542020408459
2019-02-27,-0.10982542020408459
2019-02-28,-0.10982542020408459
2019-03-01,-0.10982542020408459
2019-03-05,-0.10982542020408459
2019-03-06,-0.10982542020408459
2019-03-07,-0.10982542020408459
2019-03-08,-0.10982542020408459
2019-03-11,-0.10982542020408459
2019-03-12,-0.10982542020408459
2019-03-13,-0.10982542020408459
2019-03-14,-0.10982542020408459
2019-03-15,-0.10982542020408459
2019-03-18,-0.10982542020408459
2019-03-19,-0.10982542020408459
2019-03-20,-0.10982542020408459
2019-03-22,-0.10982542020408459
2019-03-25,-0.11587459535660993
2019-03-26,-0.10853434376323734
2019-03-27,-0.10632650153313195
2019-03-28,-0.0966395349041359
2019-03-29,-0.09222031977937795
2019-04-01,-0.0903914355439922
2019-04-02,-0.08911451186613284
2019-04-03,-0.09170366586732237
2019-04-04,-0.09305826416521756
2019-04-05,-0.08915805672888011
2019-04-08,-0.09337367019808984
2019-04-09,-0.0916448214582044
2019-04-10,-0.09683136767786027
2019-04-11,-0.09414570884571716
2019-04-12,-0.09041968086036878
2019-04-15,-0.08461644523315714
2019-04-16,-0.08109990334426853
2019-04-18,-0.08745274575264217
2019-04-22,-0.10068567647508575
2019-04-23,-0.10205675120753388
2019-04-24,-0.09521667709166381
2019-04-25,-0.10025728917670707
2019-04-26,-0.09783643018559474
2019-04-30,-0.10699262024434708
2019-05-02,-0.11360673182920422
2019-05-03,-0.12087401635527051
2019-05-06,-0.12938409480190793
2019-05-07,-0.13314425254454465
2019-05-08,-0.14168022253119383
2019-05-09,-0.13914755916275734
2019-05-10,-0.14528856169830617
2019-05-13,-0.15731165136928493
2019-05-14,-0.15785772748589944
2019-05-15,-0.16057633918714853
2019-05-16,-0.15652784383983387
2019-05-17,-0.1452603163819296
2019-05-20,-0.12491309659712635
2019-05-21,-0.13221098021593403
2019-05-22,-0.13350673410471103
2019-05-23,-0.13989017560582595
2019-05-24,-0.12875445962434584
2019-05-27,-0.12563335216472993
2019-05-28,-0.12321484694998242
2019-05-29,-0.12461063633426006
2019-05-30,-0.12138949337914362
2019-05-31,-0.11683846677796184
2019-06-03,-0.11061805818448334
2019-06-04,-0.11061805818448334
2019-06-06,-0.11061805818448334
2019-06-07,-0.11061805818448334
2019-06-10,-0.11061805818448334
2019-06-11,-0.11061805818448334
2019-06-12,-0.11061805818448334
2019-06-13,-0.11061805818448334
2019-06-14,-0.11061805818448334
2019-06-17,-0.11289792317149083
2019-06-18,-0.11309191873533997
2019-06-19,-0.1126634230393655
2019-06-20,-0.10450388435109692
2019-06-21,-0.11285315496444859
2019-06-24,-0.11377943048634365
2019-06-25,-0.10910221876013548
2019-06-26,-0.10660372644330973
2019-06-27,-0.10775597481979826
2019-06-28,-0.10963304178649169
2019-07-01,-0.10625837170327068
2019-07-02,-0.10206828070606844
2019-07-03,-0.10201391931180293
2019-07-04,-0.09960709522844435
2019-07-05,-0.11012975570272088
2019-07-08,-0.12614078517842076
2019-07-09,-0.12809246582351796
2019-07-10,-0.13105676067551975
2019-07-11,-0.12570163038553128
2019-07-12,-0.1275573791583956
2019-07-15,-0.12479667305746611
2019-07-16,-0.12019194319027882
2019-07-17,-0.11684285493965307
2019-07-18,-0.12283433331545413
2019-07-19,-0.13458811948338834
2019-07-22,-0.13952754499370024
2019-07-23,-0.13750125067019936
2019-07-24,-0.1385490398969228
2019-07-25,-0.13780716675165372
2019-07-26,-0.1357211814854301
2019-07-29,-0.14306210153064303
2019-07-30,-0.14593472814917785
2019-07-31,-0.14202070776206843
2019-08-01,-0.14921133454078295
2019-08-02,-0.14732041074809998
2019-08-05,-0.1543074487757421
2019-08-06,-0.14934244143283493
2019-08-07,-0.1508006058907776
2019-08-08,-0.1384680307603704
2019-08-09,-0.1336224053029088
2019-08-13,-0.14748136311151328
2019-08-14,-0.1440992316604517
2019-08-16,-0.14285105141173027
2019-08-19,-0.1427071536033807
2019-08-20,-0.14160073934362605
2019-08-21,-0.14667553538475542
2019-08-22,-0.15360927792782364
2019-08-23,-0.14924864137998484
2019-08-26,-0.1374511529146999
2019-08-27,-0.13264390020613148
2019-08-28,-0.1365483274060174
2019-08-29,-0.14002852254869513
2019-08-30,-0.1341233828579037
2019-09-03,-0.14772332461147886
2019-09-04,-0.14765084275245843
2019-09-05,-0.14530797325058853
2019-09-06,-0.13942415175362677
2019-09-09,-0.13545790179163486
2019-09-11,-0.1354195290427418
2019-09-12,-0.14121488003531069
2019-09-13,-0.13590238613298156
2019-09-16,-0.1385223921546358
2019-09-17,-0.14920067544386828
2019-09-18,-0.14779367465111648
2019-09-19,-0.15424669192332785
2019-09-20,-0.11696436864448156
2019-09-23,-0.09637419113418977
2019-09-24,-0.0953466541916046
2019-09-25,-0.10477569132242404
2019-09-26,-0.09783235559213266
2019-09-27,-0.0998703749222396
2019-09-30,-0.10027648651469301
2019-10-01,-0.10754172697181097
2019-10-03,-0.11185652940291613
2019-10-04,-0.12009068176958815
2019-10-07,-0.12336835407088487
2019-10-09,-0.1136653781493554
2019-10-10,-0.11583450437151421
2019-10-11,-0.10935057571825013
2019-10-14,-0.10688725842124303
2019-10-15,-0.0991796654421615
2019-10-16,-0.09981174988920827
2019-10-17,-0.09246656620522942
2019-10-18,-0.08646123100343905
2019-10-22,-0.09188884315244794
2019-10-23,-0.08997553525624391
2019-10-24,-0.0882135865362299
2019-10-25,-0.0903251536350489
2019-10-27,-0.08674689480075548
2019-10-29,-0.07740526226463706
2019-10-30,-0.07424803775847755
2019-10-31,-0.07087443358494783
2019-11-01,-0.07344647367048551
2019-11-04,-0.07331110313966771
2019-11-05,-0.07605155695645927
2019-11-06,-0.07366818288631305
2019-11-07,-0.06969447155648112
2019-11-08,-0.07918746326878934
2019-11-11,-0.08096113699540952
2019-11-13,-0.0826772515986901
2019-11-14,-0.08302154042903764
2019-11-15,-0.08420043654781306
2019-11-18,-0.08677141072365924
2019-11-19,-0.08621820359378196
2019-11-20,-0.08429103887158851
2019-11-21,-0.08653264695276808
2019-11-22,-0.09216171603346646
2019-11-25,-0.08376021584523219
2019-11-26,-0.08932213261536759
2019-11-27,-0.08456391175260736
2019-11-28,-0.0830002222352082
2019-11-29,-0.08840651619038742
2019-12-02,-0.08809100692170979
2019-12-03,-0.09054046739272759
2019-12-04,-0.08976128740825684
2019-12-05,-0.08969306918800213
2019-12-06,-0.0946442197049201
2019-12-09,-0.09567175664750538
2019-12-10,-0.10245520592407509
2019-12-11,-0.09897287896201457
2019-12-12,-0.09677284135880282
2019-12-13,-0.09000005117914811
2019-12-16,-0.09288013916552307
2019-12-17,-0.08579503744626493
2019-12-18,-0.08104108022227041
2019-12-19,-0.07881332896708027
2019-12-20,-0.08130329400637426
2019-12-23,-0.08078632780600714
2019-12-24,-0.0833530383430876
2019-12-26,-0.08795457048120059
2019-12-27,-0.08304285862286742
2019-12-30,-0.08098885064738792
2019-12-31,-0.0862107422259416
