Date,PortfolioValue,Positions
2010-05-31,5000000.0,0
2010-06-01,5000000.0,0
2010-06-02,5000000.0,0
2010-06-03,5000000.0,0
2010-06-04,5000000.0,0
2010-06-07,5000000.0,0
2010-06-08,5000000.0,0
2010-06-09,5000000.0,0
2010-06-10,5000000.0,0
2010-06-11,5000000.0,0
2010-06-14,5000000.0,0
2010-06-15,5000000.0,0
2010-06-16,5000000.0,0
2010-06-17,5000000.0,0
2010-06-18,5000000.0,0
2010-06-21,5000000.0,0
2010-06-22,5000000.0,0
2010-06-23,5000000.0,0
2010-06-24,5000000.0,0
2010-06-25,5000000.0,0
2010-06-28,5000000.0,0
2010-06-29,5000000.0,0
2010-06-30,5000000.0,0
2010-07-01,5000000.0,0
2010-07-02,5000000.0,0
2010-07-05,5000000.0,0
2010-07-06,5000000.0,0
2010-07-07,5000000.0,0
2010-07-08,5000000.0,0
2010-07-09,5000000.0,0
2010-07-12,5000000.0,0
2010-07-13,5000000.0,0
2010-07-14,5000000.0,0
2010-07-15,5000000.0,0
2010-07-16,5000000.0,0
2010-07-19,5000000.0,0
2010-07-20,5000000.0,0
2010-07-21,5000000.0,0
2010-07-22,5000000.0,0
2010-07-23,5000000.0,0
2010-07-26,4979552.517392,1
2010-07-27,4993722.117392001,1
2010-07-28,4995404.757392,1
2010-07-29,5008009.797392,1
2010-07-30,4988113.317392,1
2010-08-02,5017825.197392001,1
2010-08-03,5027005.917392001,1
2010-08-04,5055241.797392,1
2010-08-05,5031684.8373920005,1
2010-08-06,5031507.717392,1
2010-08-09,5060466.8373920005,1
2010-08-10,5042607.237392,1
2010-08-11,5030607.357392,1
2010-08-12,5029116.597392,1
2010-08-13,5061116.277392,1
2010-08-16,5052053.637392,1
2010-08-17,5061426.237392,1
2010-08-18,5128451.397392,1
2010-08-19,5175639.117392001,1
2010-08-20,5172923.277392,1
2010-08-23,5201601.957392,1
2010-08-24,5193513.477392001,1
2010-08-25,5142694.797392,1
2010-08-26,5156037.8373920005,1
2010-08-27,5119388.757392,1
2010-08-30,5103093.717392,1
2010-08-31,5123993.8773920005,1
2010-09-01,5186222.037392001,1
2010-09-02,5197424.8773920005,1
2010-09-03,5226398.757392,1
2010-09-06,5284169.397392,1
2010-09-07,5303726.397392,1
2010-09-08,5305659.957392,1
2010-09-09,5306560.317392,1
2010-09-13,5350796.037392001,1
2010-09-14,5359091.157392001,1
2010-09-15,5393319.597392,1
2010-09-16,5349334.797392,1
2010-09-17,5402382.237392,1
2010-09-20,5472344.637392,1
2010-09-21,5473023.597392,1
2010-09-22,5461156.557392,1
2010-09-23,5474529.117392001,1
2010-09-24,5550425.037392001,1
2010-09-27,5534749.917392001,1
2010-09-28,5528698.317392,1
2010-09-29,5493613.797392,1
2010-09-30,5510322.117392001,1
2010-10-01,5600948.517392,1
2010-10-04,5616180.8373920005,1
2010-10-05,5614247.277392,1
2010-10-06,5648254.317392,1
2010-10-07,5606394.957392,1
2010-10-08,5601819.357392,1
2010-10-11,5624667.8373920005,1
2010-10-12,5591693.997392001,1
2010-10-13,5697050.8773920005,1
2010-10-14,5643988.677392,1
2010-10-15,5554985.8773920005,1
2010-10-18,5570011.557392,1
2010-10-19,5539783.077392001,1
2010-10-20,5522661.477392001,1
2010-10-21,5608653.237392,1
2010-10-22,5597125.677392,1
2010-10-25,5628534.957392,1
2010-10-26,5594690.277392,1
2010-10-27,5538498.957392,1
2010-10-28,5523310.917392001,1
2010-10-29,5521406.8773920005,1
2010-11-01,5574779.037392001,1
2010-11-02,5587398.8373920005,1
2010-11-03,5620047.957392,1
2010-11-04,5701021.317392,1
2010-11-05,5728563.477392001,1
2010-11-08,5683811.157392001,1
2010-11-09,5710423.437392,1
2010-11-10,5693537.997392001,1
2010-11-11,5620343.157392001,1
2010-11-12,5542454.637392,1
2010-11-15,5575753.197392001,1
2010-11-16,5475444.237392,1
2010-11-18,5481112.077392001,1
2010-11-19,5402160.8373920005,1
2010-11-22,5475399.957392,1
2010-11-23,5421909.717392,1
2010-11-24,5349482.397392,1
2010-11-25,5299224.597392,1
2010-11-26,5268818.997392001,1
2010-11-29,5334279.597392,1
2010-11-30,5359622.517392,1
2010-12-01,5435680.797392,1
2010-12-02,5457879.8373920005,1
2010-12-03,5444625.357392,1
2010-12-06,5442780.357392,1
2010-12-07,5442544.197392001,1
2010-12-08,5393481.957392,1
2010-12-09,5288877.8373920005,1
2010-12-10,5353024.797392,1
2010-12-13,5414706.8373920005,1
2010-12-14,5442204.717392,1
2010-12-15,5400345.357392,1
2010-12-16,5432654.997392001,1
2010-12-20,5447414.997392001,1
2010-12-21,5462056.917392001,1
2010-12-22,5435459.397392,1
2010-12-23,5437186.317392,1
2010-12-24,5464226.637392,1
2010-12-27,5463857.637392,1
2010-12-28,5474514.357392,1
2010-12-29,5515030.557392,1
2010-12-30,5548461.957392,1
2010-12-31,5569081.677392,1
2011-01-03,5579147.997392001,1
2011-01-04,5589981.8373920005,1
2011-01-05,5552771.8773920005,1
2011-01-06,5517067.437392,1
2011-01-07,5414411.637392,1
2011-01-10,5290117.677392,1
2011-01-11,5280730.317392,1
2011-01-12,5342869.917392001,1
2011-01-13,5272449.957392,1
2011-01-14,5203269.8373920005,1
2011-01-17,5213793.717392,1
2011-01-18,5260937.157392001,1
2011-01-19,5211727.317392,1
2011-01-20,5228140.437392,1
2011-01-21,5205247.677392,1
2011-01-24,5249881.917392001,1
2011-01-25,5219741.997392001,1
2011-01-27,5140702.197392001,1
2011-01-28,5053529.637392,1
2011-01-31,5065618.077392001,1
2011-02-01,5000054.157392001,1
2011-02-02,4991109.597392,1
2011-02-03,5043566.637392,1
2011-02-04,4946121.117392001,1
2011-02-07,4927862.997392001,1
2011-02-08,4858668.117392001,1
2011-02-09,4798358.757392,1
2011-02-10,4771761.237392,1
2011-02-11,4848070.437392,1
2011-02-14,4970047.077392001,1
2011-02-15,4986637.317392,1
2011-02-16,4976083.917392001,1
2011-02-17,5018592.717392,1
2011-02-18,4965707.637392,1
2011-02-21,5009352.957392,1
2011-02-22,4963272.237392,1
2011-02-23,4935051.117392001,1
2011-02-24,4820247.8373920005,1
2011-02-25,4827391.677392,1
2011-02-28,4843052.037392001,1
2011-03-01,4982297.8773920005,1
2011-03-03,5009146.317392,1
2011-03-04,5012718.237392,1
2011-03-07,4954312.917392001,1
2011-03-08,4989220.317392,1
2011-03-09,4990194.477392001,1
2011-03-10,4973471.397392,1
2011-03-11,4941811.197392001,1
2011-03-14,5002533.8373920005,1
2011-03-15,4933648.917392001,1
2011-03-16,4970578.437392,1
2011-03-17,4935434.8773920005,1
2011-03-18,4881457.557392,1
2011-03-21,4869634.797392,1
2011-03-22,4907582.757392,1
2011-03-23,4953840.597392,1
2011-03-24,4982519.277392,1
2011-03-25,5075463.9514784,0
2011-03-28,5075463.9514784,0
2011-03-29,5075463.9514784,0
2011-03-30,5075463.9514784,0
2011-03-31,5075463.9514784,0
2011-04-01,5075463.9514784,0
2011-04-04,5075463.9514784,0
2011-04-05,5075463.9514784,0
2011-04-06,5075463.9514784,0
2011-04-07,5075463.9514784,0
2011-04-08,5075463.9514784,0
2011-04-11,5075463.9514784,0
2011-04-13,5075463.9514784,0
2011-04-15,5075463.9514784,0
2011-04-18,5075463.9514784,0
2011-04-19,5075463.9514784,0
2011-04-20,5075463.9514784,0
2011-04-21,5075463.9514784,0
2011-04-25,5075463.9514784,0
2011-04-26,5075463.9514784,0
2011-04-27,5075463.9514784,0
2011-04-28,5075463.9514784,0
2011-04-29,5100161.177083201,1
2011-05-02,5023641.097083201,1
2011-05-03,4913156.457083201,1
2011-05-04,4874477.817083201,1
2011-05-05,4798563.097083201,1
2011-05-06,4930660.377083201,1
2011-05-09,4937615.577083201,1
2011-05-10,4936469.257083201,1
2011-05-11,4975482.777083201,1
2011-05-12,4914663.417083201,1
2011-05-13,4958133.417083201,1
2011-05-16,4909730.377083201,1
2011-05-17,4880608.697083201,1
2011-05-18,4853844.057083201,1
2011-05-19,4847713.177083201,1
2011-05-20,4910773.657083201,1
2011-05-23,4841273.177083201,1
2011-05-24,4887641.177083201,1
2011-05-25,4864624.617083201,1
2011-05-26,4901422.777083201,1
2011-05-27,4942059.177083201,1
2011-05-30,4966479.657083201,1
2011-05-31,5031774.074164801,0
2011-06-01,5031774.074164801,0
2011-06-02,5031774.074164801,0
2011-06-03,5031774.074164801,0
2011-06-06,5031774.074164801,0
2011-06-07,5031774.074164801,0
2011-06-08,5031774.074164801,0
2011-06-09,5031774.074164801,0
2011-06-10,5031774.074164801,0
2011-06-13,5031774.074164801,0
2011-06-14,5031774.074164801,0
2011-06-15,5031774.074164801,0
2011-06-16,5031774.074164801,0
2011-06-17,5031774.074164801,0
2011-06-20,5031774.074164801,0
2011-06-21,5031774.074164801,0
2011-06-22,5031774.074164801,0
2011-06-23,5031774.074164801,0
2011-06-24,5031774.074164801,0
2011-06-27,5031774.074164801,0
2011-06-28,5031774.074164801,0
2011-06-29,5031774.074164801,0
2011-06-30,5031774.074164801,0
2011-07-01,5031774.074164801,0
2011-07-04,5031774.074164801,0
2011-07-05,5031774.074164801,0
2011-07-06,5031774.074164801,0
2011-07-07,5031774.074164801,0
2011-07-08,5031774.074164801,0
2011-07-11,5031774.074164801,0
2011-07-12,5031774.074164801,0
2011-07-13,5031774.074164801,0
2011-07-14,5031774.074164801,0
2011-07-15,5031774.074164801,0
2011-07-18,5031774.074164801,0
2011-07-19,5031774.074164801,0
2011-07-20,5031774.074164801,0
2011-07-21,5031774.074164801,0
2011-07-22,5031774.074164801,0
2011-07-25,5031774.074164801,0
2011-07-26,5031774.074164801,0
2011-07-27,5031774.074164801,0
2011-07-28,5031774.074164801,0
2011-07-29,5031774.074164801,0
2011-08-01,5031774.074164801,0
2011-08-02,5031774.074164801,0
2011-08-03,5031774.074164801,0
2011-08-04,5031774.074164801,0
2011-08-05,5031774.074164801,0
2011-08-08,5031774.074164801,0
2011-08-09,5031774.074164801,0
2011-08-10,5031774.074164801,0
2011-08-11,5031774.074164801,0
2011-08-12,5031774.074164801,0
2011-08-16,5031774.074164801,0
2011-08-17,5031774.074164801,0
2011-08-18,5031774.074164801,0
2011-08-19,5031774.074164801,0
2011-08-22,5031774.074164801,0
2011-08-23,5031774.074164801,0
2011-08-24,5031774.074164801,0
2011-08-25,5031774.074164801,0
2011-08-26,5031774.074164801,0
2011-08-29,5031774.074164801,0
2011-08-30,5031774.074164801,0
2011-09-02,5031774.074164801,0
2011-09-05,5031774.074164801,0
2011-09-06,5031774.074164801,0
2011-09-07,5031774.074164801,0
2011-09-08,5031774.074164801,0
2011-09-09,5031774.074164801,0
2011-09-12,5031774.074164801,0
2011-09-13,5031774.074164801,0
2011-09-14,5031774.074164801,0
2011-09-15,5031774.074164801,0
2011-09-16,5031774.074164801,0
2011-09-19,5031774.074164801,0
2011-09-20,5031774.074164801,0
2011-09-21,5031774.074164801,0
2011-09-22,5031774.074164801,0
2011-09-23,5031774.074164801,0
2011-09-26,5031774.074164801,0
2011-09-27,5031774.074164801,0
2011-09-28,5031774.074164801,0
2011-09-29,5031774.074164801,0
2011-09-30,5031774.074164801,0
2011-10-03,5031774.074164801,0
2011-10-04,5031774.074164801,0
2011-10-05,5031774.074164801,0
2011-10-07,5031774.074164801,0
2011-10-10,5031774.074164801,0
2011-10-11,5031774.074164801,0
2011-10-12,5031774.074164801,0
2011-10-13,5031774.074164801,0
2011-10-14,5031774.074164801,0
2011-10-17,5031774.074164801,0
2011-10-18,5031774.074164801,0
2011-10-19,5031774.074164801,0
2011-10-20,5031774.074164801,0
2011-10-21,5031774.074164801,0
2011-10-24,5031774.074164801,0
2011-10-25,5031774.074164801,0
2011-10-26,5031774.074164801,0
2011-10-28,5031774.074164801,0
2011-10-31,5031774.074164801,0
2011-11-01,5031774.074164801,0
2011-11-02,5031774.074164801,0
2011-11-03,5031774.074164801,0
2011-11-04,5031774.074164801,0
2011-11-08,5031774.074164801,0
2011-11-09,5031774.074164801,0
2011-11-11,5031774.074164801,0
2011-11-14,5031774.074164801,0
2011-11-15,5031774.074164801,0
2011-11-16,5031774.074164801,0
2011-11-17,5031774.074164801,0
2011-11-18,5031774.074164801,0
2011-11-21,5031774.074164801,0
2011-11-22,5031774.074164801,0
2011-11-23,5031774.074164801,0
2011-11-24,5031774.074164801,0
2011-11-25,5031774.074164801,0
2011-11-28,5031774.074164801,0
2011-11-29,5031774.074164801,0
2011-11-30,5031774.074164801,0
2011-12-01,5031774.074164801,0
2011-12-02,5031774.074164801,0
2011-12-05,5031774.074164801,0
2011-12-07,5031774.074164801,0
2011-12-08,5031774.074164801,0
2011-12-09,5031774.074164801,0
2011-12-12,5031774.074164801,0
2011-12-13,5031774.074164801,0
2011-12-14,5031774.074164801,0
2011-12-15,5031774.074164801,0
2011-12-16,5031774.074164801,0
2011-12-19,5031774.074164801,0
2011-12-20,5031774.074164801,0
2011-12-21,5031774.074164801,0
2011-12-22,5031774.074164801,0
2011-12-23,5031774.074164801,0
2011-12-26,5031774.074164801,0
2011-12-27,5031774.074164801,0
2011-12-28,5031774.074164801,0
2011-12-29,5031774.074164801,0
2011-12-30,5031774.074164801,0
2012-01-02,5031774.074164801,0
2012-01-03,5031774.074164801,0
2012-01-04,5031774.074164801,0
2012-01-05,5031774.074164801,0
2012-01-06,5031774.074164801,0
2012-01-07,5031774.074164801,0
2012-01-09,5031774.074164801,0
2012-01-10,5031774.074164801,0
2012-01-11,5031774.074164801,0
2012-01-12,5031774.074164801,0
2012-01-13,5031774.074164801,0
2012-01-16,5031774.074164801,0
2012-01-17,5031774.074164801,0
2012-01-18,5031774.074164801,0
2012-01-19,5031774.074164801,0
2012-01-20,5031774.074164801,0
2012-01-23,5031774.074164801,0
2012-01-24,5031774.074164801,0
2012-01-25,5031774.074164801,0
2012-01-27,5031774.074164801,0
2012-01-30,5031774.074164801,0
2012-01-31,5031774.074164801,0
2012-02-01,5031774.074164801,0
2012-02-02,5031774.074164801,0
2012-02-03,5031774.074164801,0
2012-02-06,5031774.074164801,0
2012-02-07,5031774.074164801,0
2012-02-08,5031774.074164801,0
2012-02-09,5031774.074164801,0
2012-02-10,5031774.074164801,0
2012-02-13,5031774.074164801,0
2012-02-14,5031774.074164801,0
2012-02-15,5031774.074164801,0
2012-02-16,5031774.074164801,0
2012-02-17,5031774.074164801,0
2012-02-21,5031774.074164801,0
2012-02-22,5031774.074164801,0
2012-02-23,5031774.074164801,0
2012-02-24,5031774.074164801,0
2012-02-27,5031774.074164801,0
2012-02-28,5031774.074164801,0
2012-02-29,5031774.074164801,0
2012-03-01,5031774.074164801,0
2012-03-02,5031774.074164801,0
2012-03-03,5031774.074164801,0
2012-03-05,5031774.074164801,0
2012-03-06,5031774.074164801,0
2012-03-07,5031774.074164801,0
2012-03-09,5031774.074164801,0
2012-03-12,5031774.074164801,0
2012-03-13,5031774.074164801,0
2012-03-14,5031774.074164801,0
2012-03-15,5031774.074164801,0
2012-03-16,5031774.074164801,0
2012-03-19,5031774.074164801,0
2012-03-20,5031774.074164801,0
2012-03-21,5031774.074164801,0
2012-03-22,5031774.074164801,0
2012-03-23,5031774.074164801,0
2012-03-26,5031774.074164801,0
2012-03-27,5031774.074164801,0
2012-03-28,5031774.074164801,0
2012-03-29,5031774.074164801,0
2012-03-30,5031774.074164801,0
2012-04-02,5031774.074164801,0
2012-04-03,5031774.074164801,0
2012-04-04,5031774.074164801,0
2012-04-09,5031774.074164801,0
2012-04-10,5031774.074164801,0
2012-04-11,5031774.074164801,0
2012-04-12,5031774.074164801,0
2012-04-13,5031774.074164801,0
2012-04-16,5031774.074164801,0
2012-04-17,5031774.074164801,0
2012-04-18,5031774.074164801,0
2012-04-19,5031774.074164801,0
2012-04-20,5031774.074164801,0
2012-04-23,5031774.074164801,0
2012-04-24,5031774.074164801,0
2012-04-25,5031774.074164801,0
2012-04-26,5031774.074164801,0
2012-04-27,5031774.074164801,0
2012-04-28,5031774.074164801,0
2012-04-30,5031774.074164801,0
2012-05-02,5031774.074164801,0
2012-05-03,5031774.074164801,0
2012-05-04,4987950.6159394,1
2012-05-07,5048703.4059394,1
2012-05-08,4986907.0259394,1
2012-05-09,4955084.1359394,1
2012-05-10,4979245.2259394005,1
2012-05-11,4951015.4559394,1
2012-05-14,4908452.835939401,1
2012-05-15,4922125.1859394,1
2012-05-16,4882072.4659394,1
2012-05-17,4885401.3859394,1
2012-05-18,4853023.675939401,1
2012-05-21,4870672.2359394,1
2012-05-22,4843908.7759394,1
2012-05-23,4836431.915939401,1
2012-05-24,4885335.335939401,1
2012-05-25,4895005.055939401,1
2012-05-28,4977025.9459394,1
2012-05-29,4951292.8659394,1
2012-05-30,4899390.7759394,1
2012-05-31,4882125.305939401,1
2012-06-01,4813076.6359394,1
2012-06-04,4771676.495939401,1
2012-06-05,4761438.745939401,1
2012-06-06,4870857.175939401,1
2012-06-07,4877396.1259394,1
2012-06-08,4903987.8559394,1
2012-06-11,4892970.7159394,1
2012-06-12,4952785.595939401,1
2012-06-13,4961306.0459394,1
2012-06-14,4906008.9859394,1
2012-06-15,4977831.755939401,1
2012-06-18,4938994.3559394,1
2012-06-19,4964199.0359394,1
2012-06-20,5015150.005939401,1
2012-06-21,5030790.6459394,1
2012-06-22,5016114.335939401,1
2012-06-25,5008914.8859394,1
2012-06-26,5021002.0359394,1
2012-06-27,5028888.4059394,1
2012-06-28,5051001.9459394,1
2012-06-29,5127897.3559394,1
2012-07-02,5162507.555939401,1
2012-07-03,5178676.595939401,1
2012-07-04,5174356.925939401,1
2012-07-05,5203458.555939401,1
2012-07-06,5169469.2259394005,1
2012-07-09,5123551.2659394005,1
2012-07-10,5161107.2959394,1
2012-07-11,5145955.425939401,1
2012-07-12,5108042.7259394005,1
2012-07-13,5100790.4359394,1
2012-07-16,5087805.005939401,1
2012-07-17,5079271.345939401,1
2012-07-18,5108161.6159394,1
2012-07-19,5120222.345939401,1
2012-07-20,5116074.4059394,1
2012-07-23,5062732.425939401,1
2012-07-24,5101728.345939401,1
2012-07-25,5100499.8159394,1
2012-07-26,5062983.415939401,1
2012-07-27,5081120.745939401,1
2012-07-30,5133485.1859394,1
2012-07-31,5146497.0359394,1
2012-08-01,5184488.995939401,1
2012-08-02,5213656.675939401,1
2012-08-03,5212692.345939401,1
2012-08-06,5242652.6259394,1
2012-08-07,5261278.7259394005,1
2012-08-08,5282005.2159394,1
2012-08-09,5293405.4459394,1
2012-08-10,5314290.4559394,1
2012-08-13,5350987.835939401,1
2012-08-14,5380168.7259394005,1
2012-08-16,5374224.2259394005,1
2012-08-17,5395426.2759394,1
2012-08-21,5435505.4159394,1
2012-08-22,5432401.0659394,1
2012-08-23,5444118.335939401,1
2012-08-24,5429798.6959394,1
2012-08-27,5414171.2659394005,1
2012-08-28,5367711.6959394,1
2012-08-29,5331172.835939401,1
2012-08-30,5363273.1359394,1
2012-08-31,5336588.9359394,1
2012-09-03,5350921.7859394,1
2012-09-04,5364448.825939401,1
2012-09-05,5368887.3859394,1
2012-09-06,5411357.5359394,1
2012-09-07,5496456.3559394,1
2012-09-08,5521740.295939401,1
2012-09-10,5538530.205939401,1
2012-09-11,5557750.7559394,1
2012-09-12,5593906.525939401,1
2012-09-13,5588701.7859394,1
2012-09-14,5648331.7259394005,1
2012-09-17,5626337.0759394,1
2012-09-18,5627961.9059394,1
2012-09-20,5613364.8559394,1
2012-09-21,5663021.245939401,1
2012-09-24,5642968.4659394,1
2012-09-25,5666733.2559394,1
2012-09-26,5710907.495939401,1
2012-09-27,5762016.9859394,1
2012-09-28,5819744.6859393995,1
2012-10-01,5892241.1659394,1
2012-10-03,5926349.385939401,1
2012-10-04,5883165.8959394,1
2012-10-05,5817604.6659394,1
2012-10-08,5799982.525939401,1
2012-10-09,5860101.2359394,1
2012-10-10,5825398.5659394,1
2012-10-11,5842360.205939401,1
2012-10-12,5895688.9759394005,1
2012-10-15,5924605.6659394,1
2012-10-16,5893628.2159394,1
2012-10-17,5916270.1559394,1
2012-10-18,5948330.8259394,1
2012-10-19,5923060.0959394,1
2012-10-22,5958581.7859394,1
2012-10-23,5959572.5359394,1
2012-10-25,5970180.1659394,1
2012-10-26,5894090.5659394,1
2012-10-29,5867974.3959394,1
2012-10-30,5852241.2859394,1
2012-10-31,5915609.6559394,1
2012-11-01,5944447.085939401,1
2012-11-02,5965847.2859394,1
2012-11-05,5961989.9659394,1
2012-11-06,6024578.9459394,1
2012-11-07,6091540.4359393995,1
2012-11-08,6091897.1059394,1
2012-11-09,6063865.4859394,1
2012-11-12,6195754.1259394,1
2012-11-13,6202213.8159394,1
2012-11-15,6201117.385939401,1
2012-11-16,6132782.055939401,1
2012-11-19,6073231.3759394,1
2012-11-20,6047115.205939401,1
2012-11-21,6084222.0959394,1
2012-11-22,6144750.3159394,1
2012-11-23,6160034.2859394,1
2012-11-26,6233997.0759394,1
2012-11-27,6327272.885939401,1
2012-11-29,6365344.1059394,1
2012-11-30,6388382.3459394,1
2012-12-03,6422477.3559394,1
2012-12-04,6422675.5059394,1
2012-12-05,6414762.7159394,1
2012-12-06,6388950.3759394,1
2012-12-07,6361975.555939401,1
2012-12-10,6378091.7559394,1
2012-12-11,6363653.2259394005,1
2012-12-12,6364538.295939401,1
2012-12-13,6286784.2359394,1
2012-12-14,6323811.865939401,1
2012-12-17,6322926.795939401,1
2012-12-18,6391922.6259394,1
2012-12-19,6431922.5059394,1
2012-12-20,6450971.3259394,1
2012-12-21,6358593.795939401,1
2012-12-24,6394458.9459394,1
2012-12-26,6419795.7259394005,1
2012-12-27,6372015.1559394,1
2012-12-28,6386097.0159394005,1
2012-12-31,6415819.5159394005,1
2013-01-01,6455357.045939401,1
2013-01-02,6477668.7359394,1
2013-01-03,6474062.4059394,1
2013-01-04,6476651.5659394,1
2013-01-07,6451288.365939401,1
2013-01-08,6473983.1459394,1
2013-01-09,6450324.0359394,1
2013-01-10,6422635.8759394,1
2013-01-11,6331235.885939401,1
2013-01-14,6340628.1959394,1
2013-01-15,6383587.115939401,1
2013-01-16,6362001.9759394005,1
2013-01-17,6352200.1559394,1
2013-01-18,6350390.385939401,1
2013-01-21,6367708.6959394,1
2013-01-22,6315357.4659394,1
2013-01-23,6281341.7159394,1
2013-01-24,6229505.675939401,1
2013-01-25,6298963.8559394,1
2013-01-28,6306004.7859394,1
2013-01-29,6292623.055939401,1
2013-01-30,6312979.6659394,1
2013-01-31,6349650.6259394,1
2013-02-01,6359782.6959394,1
2013-02-04,6338223.9759394005,1
2013-02-05,6326083.9859394,1
2013-02-06,6343864.6459394,1
2013-02-07,6283772.3559394,1
2013-02-08,6230192.5959394,1
2013-02-11,6244406.555939401,1
2013-02-12,6280549.115939401,1
2013-02-13,6248197.8259394,1
2013-02-14,6218171.495939401,1
2013-02-15,6212847.865939401,1
2013-02-18,6229056.5359394,1
2013-02-19,6320364.055939401,1
2013-02-20,6335687.6559394,1
2013-02-21,6278660.085939401,1
2013-02-22,6285965.2159394,1
2013-02-25,6258290.2659394005,1
2013-02-26,6186269.3459394,1
2013-02-27,6206401.385939401,1
2013-02-28,6124037.0359394,1
2013-03-01,6169783.2659394005,1
2013-03-04,6080245.885939401,1
2013-03-05,6171381.675939401,1
2013-03-06,6189849.2559394,1
2013-03-07,6231843.8459394,1
2013-03-08,6305053.6659394,1
2013-03-11,6318448.6059394,1
2013-03-12,6315674.5059394,1
2013-03-13,6246956.085939401,1
2013-03-14,6249254.6259394,1
2013-03-15,6231368.2859394,1
2013-03-18,6230932.3559394,1
2013-03-19,6174182.1959394,1
2013-03-20,6138607.6659394,1
2013-03-21,6097656.6659394,1
2013-03-22,6073416.3159394,1
2013-03-25,6057075.545939401,1
2013-03-26,6071989.635939401,1
2013-03-28,6122372.5759394,1
2013-04-01,6136784.6859393995,1
2013-04-02,6160483.425939401,1
2013-04-03,6139902.245939401,1
2013-04-04,6008053.2359394,1
2013-04-05,5989347.8759394,1
2013-04-08,6010232.885939401,1
2013-04-09,5932254.2559394,1
2013-04-10,5979189.385939401,1
2013-04-11,6042927.635939401,1
2013-04-12,6021117.925939401,1
2013-04-15,6007379.525939401,1
2013-04-16,6045569.635939401,1
2013-04-17,6082901.0959394,1
2013-04-18,6098449.2659394005,1
2013-04-22,6154102.995939401,1
2013-04-23,6159664.4059394,1
2013-04-25,6196692.0359394,1
2013-04-26,6162438.5059394,1
2013-04-29,6223349.8159394,1
2013-04-30,6303230.6859393995,1
2013-05-02,6395026.9759394005,1
2013-05-03,6373138.0059394,1
2013-05-06,6435991.1859393995,1
2013-05-07,6496215.5759394,1
2013-05-08,6538553.6259394,1
2013-05-09,6539861.4159394,1
2013-05-10,6598460.9759394005,1
2013-05-11,6614603.5959394,1
2013-05-13,6544167.8759394,1
2013-05-14,6562886.4459394,1
2013-05-15,6667998.4159394,1
2013-05-16,6714206.995939401,1
2013-05-17,6728420.955939401,1
2013-05-20,6680481.865939401,1
2013-05-21,6660455.5059394,1
2013-05-22,6662067.1259394,1
2013-05-23,6576994.7259394005,1
2013-05-24,6589068.6659394,1
2013-05-27,6678196.5359394,1
2013-05-28,6713480.4459394,1
2013-05-29,6729926.8959394,1
2013-05-30,6740534.525939401,1
2013-05-31,6733269.025939401,1
2013-06-03,6704246.6559394,1
2013-06-04,6794008.6059394,1
2013-06-05,6770217.3959394,1
2013-06-06,6733691.745939401,1
2013-06-07,6704907.1559394,1
2013-06-10,6699649.5759394,1
2013-06-11,6650059.2359394,1
2013-06-12,6611908.7559394,1
2013-06-13,6525819.1859393995,1
2013-06-14,6592833.5159394005,1
2013-06-17,6670323.3759394,1
2013-06-18,6699913.775939401,1
2013-06-19,6726981.0659394,1
2013-06-20,6582952.4359393995,1
2013-06-21,6495224.8259394,1
2013-06-24,6360456.4059394,1
2013-06-25,6297233.3459394,1
2013-06-26,6287286.2159394,1
2013-06-27,6346625.5359394,1
2013-06-28,6446545.9759394005,1
2013-07-01,6549636.8159394,1
2013-07-02,6543824.4159394,1
2013-07-03,6493599.995939401,1
2013-07-04,6568170.4459394,1
2013-07-05,6571935.295939401,1
2013-07-08,6567351.425939401,1
2013-07-09,6589715.955939401,1
2013-07-10,6572173.0759394,1
2013-07-11,6618038.1959394,1
2013-07-12,6661763.295939401,1
2013-07-15,6747932.1259394,1
2013-07-16,6724048.4459394,1
2013-07-17,6688487.1259394,1
2013-07-18,6728553.055939401,1
2013-07-19,6733546.4359393995,1
2013-07-22,6711102.6459394,1
2013-07-23,6712410.4359393995,1
2013-07-24,6653533.4659394,1
2013-07-25,6573414.8159394,1
2013-07-26,6541340.9359393995,1
2013-07-29,6421737.5959394,1
2013-07-30,6285423.6059394,1
2013-07-31,6237933.6559394,1
2013-08-01,6219426.4459394,1
2013-08-02,6174195.4059394,1
2013-08-05,6167233.7359394,1
2013-08-06,6041963.305939401,1
2013-08-07,6037749.3159394,1
2013-08-08,6090866.7259394005,1
2013-08-12,6225053.9059394,1
2013-08-13,6345740.4659394,1
2013-08-14,6398620.0959394,1
2013-08-16,6260126.455939401,1
2013-08-19,6146388.3559394,1
2013-08-20,6050285.6059394,1
2013-08-21,5983522.2659394005,1
2013-08-22,6012042.6559394,1
2013-08-23,6113006.6859393995,1
2013-08-26,6154063.365939401,1
2013-08-27,6020576.3159394,1
2013-08-28,5951659.745939401,1
2013-08-29,6072597.295939401,1
2013-08-30,6107207.495939401,1
2013-09-02,6163680.245939401,1
2013-09-03,6078779.5759394,1
2013-09-04,6160707.995939401,1
2013-09-05,6260298.1859393995,1
2013-09-06,6309690.3759394,1
2013-09-10,6489029.335939401,1
2013-09-11,6531790.1059394,1
2013-09-12,6516347.615939401,1
2013-09-13,6469227.545939401,1
2013-09-16,6441090.245939401,1
2013-09-17,6441077.0359394,1
2013-09-18,6492714.925939401,1
2013-09-19,6571208.745939401,1
2013-09-20,6532543.0759394,1
2013-09-23,6528223.4059394,1
2013-09-24,6536796.6959394,1
2013-09-25,6551684.365939401,1
2013-09-26,6562252.365939401,1
2013-09-27,6590561.3959394,1
2013-09-30,6578540.295939401,1
2013-10-01,6584035.6559394,1
2013-10-03,6656228.305939401,1
2013-10-04,6658791.045939401,1
2013-10-07,6706941.495939401,1
2013-10-08,6715026.0159394005,1
2013-10-09,6801974.2359394,1
2013-10-10,6838196.055939401,1
2013-10-11,6859292.425939401,1
2013-10-14,6897759.9459394,1
2013-10-15,6866650.3959394,1
2013-10-17,6771564.8159394,1
2013-10-18,6854880.2859394,1
2013-10-21,6869450.9159394,1
2013-10-22,6896557.835939401,1
2013-10-23,6874457.5059394,1
2013-10-24,6815078.555939401,1
2013-10-25,6792766.865939401,1
2013-10-28,6718051.1059394,1
2013-10-29,6822344.055939401,1
2013-10-30,6861168.245939401,1
2013-10-31,6866412.615939401,1
2013-11-01,6868763.995939401,1
2013-11-03,6920520.775939401,1
2013-11-05,6814087.805939401,1
2013-11-06,6847522.3159394,1
2013-11-07,6814972.8759394,1
2013-11-08,6837997.9059394,1
2013-11-11,6796003.3159394,1
2013-11-12,6772119.635939401,1
2013-11-13,6762872.635939401,1
2013-11-14,6807865.8959394,1
2013-11-18,6882634.495939401,1
2013-11-19,6877073.085939401,1
2013-11-20,6808499.9759394005,1
2013-11-21,6722938.805939401,1
2013-11-22,6735131.635939401,1
2013-11-25,6796703.4459394,1
2013-11-26,6828592.385939401,1
2013-11-27,6821353.305939401,1
2013-11-28,6854285.835939401,1
2013-11-29,6881022.8759394,1
2013-12-02,6956623.705939401,1
2013-12-03,6933083.4859394,1
2013-12-04,6887416.5159394005,1
2013-12-05,6862528.8759394,1
2013-12-06,6878090.2559394,1
2013-12-09,6912607.9859394,1
2013-12-10,6950097.9659394,1
2013-12-11,6927786.275939401,1
2013-12-12,6886438.9759394005,1
2013-12-13,6860811.5759394,1
2013-12-16,6883902.6559394,1
2013-12-17,6896240.795939401,1
2013-12-18,6979846.885939401,1
2013-12-19,7031141.3159394,1
2013-12-20,7134258.5759394,1
2013-12-23,7135302.1659394,1
2013-12-24,7125434.295939401,1
2013-12-26,7113598.135939401,1
2013-12-27,7164707.6259394,1
2013-12-30,7151959.9759394005,1
2013-12-31,7170903.115939401,1
2014-01-01,7196504.0959394,1
2014-01-02,7111167.495939401,1
2014-01-03,7179965.175939401,1
2014-01-06,7185051.025939401,1
2014-01-07,7153069.615939401,1
2014-01-08,7178142.1959394,1
2014-01-09,7166187.1459394,1
2014-01-10,7194258.3959394,1
2014-01-13,7212937.335939401,1
2014-01-14,7205817.1459394,1
2014-01-15,7233914.8159394,1
2014-01-16,7194245.1859393995,1
2014-01-17,7098538.7359394,1
2014-01-20,7222712.7359394,1
2014-01-21,7207164.5659394,1
2014-01-22,7222910.885939401,1
2014-01-23,7189331.0659394,1
2014-01-24,7126398.6259394,1
2014-01-27,7024258.9059394,1
2014-01-28,7004377.8559394,1
2014-01-29,7045408.115939401,1
2014-01-30,6977085.995939401,1
2014-01-31,7078591.635939401,1
2014-02-03,7054205.9759394005,1
2014-02-04,7032634.045939401,1
2014-02-05,7065249.5359394,1
2014-02-06,7105064.4759394005,1
2014-02-07,7105447.5659394,1
2014-02-10,7075183.455939401,1
2014-02-11,7101484.5659394,1
2014-02-12,7114668.1459394,1
2014-02-13,7058895.525939401,1
2014-02-14,7081841.295939401,1
2014-02-17,7091735.585939401,1
2014-02-18,7115156.9159394,1
2014-02-19,7162884.6459394,1
2014-02-20,7135975.8759394,1
2014-02-21,7175407.7259394005,1
2014-02-24,7192514.675939401,1
2014-02-25,7226305.8559394,1
2014-02-26,7249225.205939401,1
2014-02-28,7333452.1659394,1
2014-03-03,7272672.955939401,1
2014-03-04,7285592.335939401,1
2014-03-05,7300242.2259394005,1
2014-03-06,7326120.615939401,1
2014-03-07,7241087.8459394,1
2014-03-10,7187217.4659394,1
2014-03-11,7176847.615939401,1
2014-03-12,7221444.5759394,1
2014-03-13,7177653.425939401,1
2014-03-14,7167521.3559394,1
2014-03-18,7192475.045939401,1
2014-03-19,7207190.9859394,1
2014-03-20,7231246.3959394,1
2014-03-21,7256966.2659394005,1
2014-03-22,7284297.7559394,1
2014-03-24,7262633.3559394,1
2014-03-25,7266266.1059394,1
2014-03-26,7201867.3559394,1
2014-03-27,7239806.4759394005,1
2014-03-28,7270176.2659394005,1
2014-03-31,7297454.9159394,1
2014-04-01,7326688.6459394,1
2014-04-02,7422936.705939401,1
2014-04-03,7417441.3459394,1
2014-04-04,7431866.6659394,1
2014-04-07,7390928.8759394,1
2014-04-09,7416675.1659394,1
2014-04-10,7357745.3559394,1
2014-04-11,7368643.6059394,1
2014-04-15,7365380.7359394,1
2014-04-16,7289872.3759394,1
2014-04-17,7403161.335939401,1
2014-04-21,7502091.025939401,1
2014-04-22,7492526.9859394,1
2014-04-23,7538616.675939401,1
2014-04-25,7521562.5659394,1
2014-04-28,7529396.0959394,1
2014-04-29,7499845.3259394,1
2014-04-30,7460268.1659394,1
2014-05-02,7537480.615939401,1
2014-05-05,7490585.115939401,1
2014-05-06,7525142.4759394005,1
2014-05-07,7505274.635939401,1
2014-05-08,7538431.7359394,1
2014-05-09,7561549.2359394,1
2014-05-12,7613715.525939401,1
2014-05-13,7659871.2659394005,1
2014-05-14,7664745.7559394,1
2014-05-15,7639554.2859394,1
2014-05-16,7591905.8159394,1
2014-05-19,7535063.1859393995,1
2014-05-20,7648220.045939401,1
2014-05-21,7745657.0059394,1
2014-05-22,7837334.4059394,1
2014-05-23,7870861.385939401,1
2014-05-26,7775353.085939401,1
2014-05-27,7843648.7859394,1
2014-05-28,7924731.7659394005,1
2014-05-29,7919130.7259394005,1
2014-05-30,8021587.4859394,1
2014-06-02,8073370.6859393995,1
2014-06-03,8093529.1459394,1
2014-06-04,8122577.9359393995,1
2014-06-05,8182313.555939401,1
2014-06-06,8260952.6859393995,1
2014-06-09,8334598.4359393995,1
2014-06-10,8420516.275939401,1
2014-06-11,8476368.1559394,1
2014-06-12,8530119.645939399,1
2014-06-13,8449419.755939402,1
2014-06-16,8497517.365939401,1
2014-06-17,8580621.4759394,1
2014-06-18,8561612.2859394,1
2014-06-19,8578164.415939398,1
2014-06-20,8615694.025939401,1
2014-06-23,8675165.4459394,1
2014-06-24,8754253.715939399,1
2014-06-25,8804848.0159394,1
2014-06-26,8844345.915939398,1
2014-06-27,8972165.875939399,1
2014-06-30,9064728.345939402,1
2014-07-01,9090170.805939399,1
2014-07-02,9159034.5359394,1
2014-07-03,9215401.6059394,1
2014-07-04,9261293.145939399,1
2014-07-07,9305665.5359394,1
2014-07-08,9073737.5659394,1
2014-07-09,8911901.8559394,1
2014-07-10,8897225.5459394,1
2014-07-11,8831452.955939401,1
2014-07-14,8835719.7859394,1
2014-07-15,9022918.6959394,1
2014-07-16,9147211.5859394,1
2014-07-17,9294450.2459394,1
2014-07-18,9256022.3559394,1
2014-07-21,9306656.2859394,1
2014-07-22,9355269.0859394,1
2014-07-23,9332891.345939402,1
2014-07-24,9275507.1059394,1
2014-07-25,9223591.805939399,1
2014-07-28,9239800.4759394,1
2014-07-30,9303525.5159394,1
2014-07-31,9330394.6559394,1
2014-08-01,9254767.4059394,1
2014-08-04,9374053.705939401,1
2014-08-05,9409377.2459394,1
2014-08-06,9416457.805939399,1
2014-08-07,9383538.485939398,1
2014-08-08,9281345.9259394,1
2014-08-11,9394833.0359394,1
2014-08-12,9475017.735939398,1
2014-08-13,9456048.1759394,1
2014-08-14,9531411.2259394,1
2014-08-18,9701674.915939398,1
2014-08-19,9762348.4459394,1
2014-08-20,9839296.6959394,1
2014-08-21,9879970.2859394,1
2014-08-22,9913748.255939402,1
2014-08-25,9931912.005939402,1
2014-08-26,9993008.255939402,1
2014-08-27,10071871.955939401,1
2014-08-28,10040049.0659394,1
2014-09-01,10180722.3559394,1
2014-09-02,10308925.4059394,1
2014-09-03,10516982.9059394,1
2014-09-04,10581526.965939399,1
2014-09-05,10640958.755939402,1
2014-09-08,10794538.215939399,1
2014-09-09,10878289.615939401,1
2014-09-10,10890588.125939403,1
2014-09-11,11019781.9259394,1
2014-09-12,11101353.6759394,1
2014-09-15,11139041.805939402,1
2014-09-16,10739267.575939398,1
2014-09-17,10820363.7659394,1
2014-09-18,10982846.7659394,1
2014-09-19,11004154.4959394,1
2014-09-22,11015211.2659394,1
2014-09-23,10783190.825939398,1
2014-09-24,10575001.2259394,1
2014-09-25,10407736.205939401,1
2014-09-26,10529479.5659394,1
2014-09-29,10828686.0659394,1
2014-09-30,10902622.435939401,1
2014-10-01,10841565.8159394,1
2014-10-07,10766863.2659394,1
2014-10-08,10702834.395939399,1
2014-10-09,10925647.465939399,1
2014-10-10,10707907.0359394,1
2014-10-13,10798910.7259394,1
2014-10-14,10801975.4459394,1
2014-10-16,10426269.8359394,1
2014-10-17,10465239.3359394,1
2014-10-20,10634221.6559394,1
2014-10-21,10778857.9459394,1
2014-10-22,10902767.7459394,1
2014-10-23,10988778.055939402,1
2014-10-27,10947932.735939402,1
2014-10-28,10966849.455939401,1
2014-10-29,11055488.555939402,1
2014-10-30,11203255.615939401,1
2014-10-31,11381722.715939399,1
2014-11-03,11530493.735939402,1
2014-11-05,11579172.5859394,1
2014-11-07,11622725.955939401,1
2014-11-10,11708406.0159394,1
2014-11-11,11801946.025939401,1
2014-11-12,11904389.575939398,1
2014-11-13,11927401.395939399,1
2014-11-14,11976106.665939402,1
2014-11-17,12087770.7959394,1
2014-11-18,12186700.485939402,1
2014-11-19,12098682.255939402,1
2014-11-20,12073953.1359394,1
2014-11-21,11964864.955939401,1
2014-11-24,11943121.2959394,1
2014-11-25,11818141.485939402,1
2014-11-26,11846556.195939403,1
2014-11-27,11886423.9759394,1
2014-11-28,11919422.555939402,1
2014-12-01,11896225.7959394,1
2014-12-02,11977599.395939399,1
2014-12-03,12131073.1759394,1
2014-12-04,12177836.575939398,1
2014-12-05,12185590.845939402,1
2014-12-08,12056819.7659394,1
2014-12-09,11881126.7659394,1
2014-12-10,12002434.195939403,1
2014-12-11,11875248.3159394,1
2014-12-12,11731734.875939403,1
2014-12-15,11699898.775939401,1
2014-12-16,11309833.895939399,1
2014-12-17,11170124.935939401,1
2014-12-18,11559238.695939403,1
2014-12-19,11698168.2659394,1
2014-12-22,11716332.0159394,1
2014-12-23,11653373.1559394,1
2014-12-24,11627692.915939402,1
2014-12-26,11650097.075939398,1
2014-12-29,11801562.935939401,1
2014-12-30,11893385.645939399,1
2014-12-31,12108140.615939401,1
2015-01-01,12142182.7859394,1
2015-01-02,12312869.195939403,1
2015-01-05,12378100.1759394,1
2015-01-06,11995789.5659394,1
2015-01-07,12034296.715939399,1
2015-01-08,12338007.825939398,1
2015-01-09,12322591.755939402,1
2015-01-12,12484070.7959394,1
2015-01-13,12504770.865939401,1
2015-01-14,12463833.075939398,1
2015-01-15,12615853.755939402,1
2015-01-16,12705813.8559394,1
2015-01-19,12727306.525939401,1
2015-01-20,12782339.3859394,1
2015-01-21,12795456.915939402,1
2015-01-22,12840225.6059394,1
2015-01-23,12771507.185939401,1
2015-01-27,12877411.755939402,1
2015-01-28,13038679.435939401,1
2015-01-29,13008270.0159394,1
2015-01-30,13003012.435939401,1
2015-02-02,13101915.705939401,1
2015-02-03,13083131.0859394,1
2015-02-04,13027807.6059394,1
2015-02-05,12838389.415939402,1
2015-02-06,12611719.025939401,1
2015-02-09,12328390.945939403,1
2015-02-10,12484665.2459394,1
2015-02-11,12801956.235939402,1
2015-02-12,12994795.8159394,1
2015-02-13,13092880.0659394,1
2015-02-16,13071242.0859394,1
2015-02-18,13211294.505939402,1
2015-02-19,13180092.485939402,1
2015-02-20,13182192.875939403,1
2015-02-23,13063368.9259394,1
2015-02-24,12979960.985939402,1
2015-02-25,13063818.0659394,1
2015-02-26,12906513.3859394,1
2015-02-27,13151479.625939403,1
2015-02-28,13156803.255939402,1
2015-03-02,13501386.1059394,1
2015-03-03,13727805.505939402,1
2015-03-04,13571267.005939402,1
2015-03-05,13726616.6059394,1
2015-03-09,13532165.4059394,1
2015-03-10,13583288.1059394,1
2015-03-11,13510236.805939402,1
2015-03-12,13795044.4059394,1
2015-03-13,13574965.805939402,1
2015-03-16,13614727.9059394,1
2015-03-17,13754621.805939402,1
2015-03-18,13751583.505939402,1
2015-03-19,13656075.205939401,1
2015-03-20,13405217.305939402,1
2015-03-23,13345640.205939401,1
2015-03-24,13311822.6059394,1
2015-03-25,13216314.305939402,1
2015-03-26,13045601.4759394,1
2015-03-27,13060925.075939398,1
2015-03-30,13421465.6059394,1
2015-03-31,13498612.005939402,1
2015-04-01,13770870.1059394,1
2015-04-06,13927672.805939402,1
2015-04-07,13925955.505939402,1
2015-04-08,14141014.305939402,1
2015-04-09,14129125.305939402,1
2015-04-10,14134805.6059394,1
2015-04-13,14069284.005939402,1
2015-04-15,13931107.4059394,1
2015-04-16,13809575.4059394,1
2015-04-17,13489761.305939402,1
2015-04-20,13212087.1059394,1
2015-04-21,13205746.305939402,1
2015-04-22,13117411.0359394,1
2015-04-23,13064029.4259394,1
2015-04-24,12626804.845939402,1
2015-04-27,12174018.8859394,1
2015-04-28,12423423.685939401,1
2015-04-29,12611573.715939399,1
2015-04-30,12650701.735939402,1
2015-05-04,12966156.5359394,1
2015-05-05,12997173.615939401,1
2015-05-06,12493040.3859394,1
2015-05-07,12108827.5359394,1
2015-05-08,12425960.005939402,1
2015-05-11,12694400.415939402,1
2015-05-12,12400953.4759394,1
2015-05-13,12596065.1759394,1
2015-05-14,12765324.9059394,1
2015-05-15,12814703.8859394,1
2015-05-18,12971083.865939401,1
2015-05-19,12967820.9959394,1
2015-05-20,13004056.025939401,1
2015-05-21,12997913.375939403,1
2015-05-22,13057728.255939402,1
2015-05-25,13074584.215939399,1
2015-05-26,13047966.0659394,1
2015-05-27,13057516.895939399,1
2015-05-28,12986618.825939398,1
2015-05-29,13248150.4059394,1
2015-06-01,13279986.505939402,1
2015-06-02,12903739.2859394,1
2015-06-03,12669631.665939402,1
2015-06-04,12666580.1559394,1
2015-06-05,12703066.1759394,1
2015-06-08,12480609.775939401,1
2015-06-09,12330755.5359394,1
2015-06-10,12560952.9959394,1
2015-06-11,12311521.775939401,1
2015-06-12,12233041.165939402,1
2015-06-15,12298140.0459394,1
2015-06-16,12396488.4959394,1
2015-06-17,12657135.005939402,1
2015-06-18,12867398.575939398,1
2015-06-19,12973395.615939401,1
2015-06-22,13154214.095939402,1
2015-06-23,13182404.235939402,1
2015-06-24,13071651.595939402,1
2015-06-25,13135218.115939401,1
2015-06-26,13187133.415939402,1
2015-06-29,12957437.935939401,1
2015-06-30,13148533.7959394,1
2015-07-01,13374173.805939402,1
2015-07-02,13537581.505939402,1
2015-07-03,13457925.205939401,1
2015-07-06,13582627.6059394,1
2015-07-07,13623578.6059394,1
2015-07-08,13358850.205939401,1
2015-07-09,13306274.4059394,1
2015-07-10,13367172.505939402,1
2015-07-13,13549602.6059394,1
2015-07-14,13553961.9059394,1
2015-07-15,13614992.1059394,1
2015-07-16,13818558.205939401,1
2015-07-17,13894251.505939402,1
2015-07-20,13990156.1059394,1
2015-07-21,13774040.505939402,1
2015-07-22,13921596.205939401,1
2015-07-23,13965189.205939401,1
2015-07-24,13898875.005939402,1
2015-07-27,13730711.705939401,1
2015-07-28,13759641.6059394,1
2015-07-29,13937316.1059394,1
2015-07-30,14013405.705939401,1
2015-07-31,14162018.205939401,1
2015-08-03,14281700.805939402,1
2015-08-04,14543390.9059394,1
2015-08-05,14676151.4059394,1
2015-08-06,14600854.4059394,1
2015-08-07,14556336.705939401,1
2015-08-10,14530445.1059394,1
2015-08-11,14357790.4059394,1
2015-08-12,13997950.005939402,1
2015-08-13,13898214.505939402,1
2015-08-14,14202572.9059394,1
2015-08-17,14224105.205939401,1
2015-08-18,14486455.805939402,1
2015-08-19,14554355.205939401,1
2015-08-20,14322387.6059394,1
2015-08-21,14137447.6059394,1
2015-08-24,12805470.095939402,1
2015-08-25,13011123.375939403,1
2015-08-26,13031083.685939401,1
2015-08-27,13376419.505939402,1
2015-08-28,13437713.9059394,1
2015-08-31,13324107.9059394,1
2015-09-01,12979221.2259394,1
2015-09-02,12934227.965939399,1
2015-09-03,13076407.195939403,1
2015-09-04,12753026.395939399,1
2015-09-07,12430583.505939402,1
2015-09-08,12519354.705939401,1
2015-09-09,12792458.2459394,1
2015-09-10,12807610.115939401,1
2015-09-11,12938257.0159394,1
2015-09-14,13030528.865939401,1
2015-09-15,12927847.5359394,1
2015-09-16,12799076.455939401,1
2015-09-18,12866249.305939402,1
2015-09-21,12934452.5359394,1
2015-09-22,12804743.5459394,1
2015-09-23,12915390.505939402,1
2015-09-24,12939868.6359394,1
2015-09-28,13019419.255939402,1
2015-09-29,13007332.1059394,1
2015-09-30,13297294.2030254,0
2015-10-01,13297294.2030254,0
2015-10-05,13297294.2030254,0
2015-10-06,13297294.2030254,0
2015-10-07,13297294.2030254,0
2015-10-08,13297294.2030254,0
2015-10-09,13297294.2030254,0
2015-10-12,13297294.2030254,0
2015-10-13,13297294.2030254,0
2015-10-14,13297294.2030254,0
2015-10-15,13297294.2030254,0
2015-10-16,13297294.2030254,0
2015-10-19,13297294.2030254,0
2015-10-20,13297294.2030254,0
2015-10-21,13297294.2030254,0
2015-10-23,13297294.2030254,0
2015-10-26,13297294.2030254,0
2015-10-27,13297294.2030254,0
2015-10-28,13297294.2030254,0
2015-10-29,13297294.2030254,0
2015-10-30,13260333.5528806,1
2015-11-02,13263178.6328806,1
2015-11-03,13293480.9928806,1
2015-11-04,13238182.5728806,1
2015-11-05,13114173.2128806,1
2015-11-06,13063232.7328806,1
2015-11-09,13040291.4528806,1
2015-11-10,12868186.692880599,1
2015-11-11,12938952.4128806,1
2015-11-13,12807943.2528806,1
2015-11-16,12874147.8128806,1
2015-11-17,12913843.4528806,1
2015-11-18,12784414.8928806,1
2015-11-19,12955164.8528806,1
2015-11-20,13027714.3928806,1
2015-11-23,13043881.672880601,1
2015-11-24,13017146.9528806,1
2015-11-26,13041917.2128806,1
2015-11-27,13092451.2528806,1
2015-11-30,13072851.8128806,1
2015-12-01,13133117.8328806,1
2015-12-02,13145265.8728806,1
2015-12-03,13032094.9128806,1
2015-12-04,12913391.8528806,1
2015-12-07,12913007.9928806,1
2015-12-08,12818239.7328806,1
2015-12-09,12657266.9128806,1
2015-12-10,12769173.3928806,1
2015-12-11,12697888.3328806,1
2015-12-14,12778182.8128806,1
2015-12-15,12857551.5128806,1
2015-12-16,12898737.432880599,1
2015-12-17,13071542.172880601,1
2015-12-18,12955029.3728806,1
2015-12-21,13077435.5528806,1
2015-12-22,12996395.932880599,1
2015-12-23,13088319.112880599,1
2015-12-24,13093128.6528806,1
2015-12-28,13179271.3528806,1
2015-12-29,13194806.3928806,1
2015-12-30,13152085.0328806,1
2015-12-31,13219825.0328806,1
2016-01-01,13233508.5128806,1
2016-01-04,13021572.6328806,1
2016-01-05,13027127.3128806,1
2016-01-06,12954329.3928806,1
2016-01-07,12684137.112880599,1
2016-01-08,12725300.4528806,1
2016-01-11,12652367.0528806,1
2016-01-12,12597181.5328806,1
2016-01-13,12618406.7328806,1
2016-01-14,12594675.1528806,1
2016-01-15,12452737.2728806,1
2016-01-18,12284606.5928806,1
2016-01-19,12372962.1328806,1
2016-01-20,12205283.0528806,1
2016-01-21,12134201.2128806,1
2016-01-22,12372465.3728806,1
2016-01-25,12378223.2728806,1
2016-01-27,12376078.172880601,1
2016-01-28,12353814.292880598,1
2016-01-29,12563447.0128806,1
2016-02-01,12550124.8128806,1
2016-02-02,12415841.5528806,1
2016-02-03,12271735.9928806,1
2016-02-04,12313915.432880599,1
2016-02-05,12448898.672880601,1
2016-02-08,12308112.3728806,1
2016-02-09,12185209.432880599,1
2016-02-10,12062306.4928806,1
2016-02-11,11714461.5928806,1
2016-02-12,11708206.932880599,1
2016-02-15,11933600.4928806,1
2016-02-16,11781027.432880599,1
2016-02-17,11852606.0328806,1
2016-02-18,11987995.7128806,1
2016-02-19,12027894.5728806,1
2016-02-22,12074522.2728806,1
2016-02-23,11881508.432880599,1
2016-02-24,11746570.3528806,1
2016-02-25,11660901.8328806,1
2016-02-26,11695607.292880598,1
2016-02-29,11626896.3528806,1
2016-03-01,11997637.3728806,1
2016-03-02,12192096.3328806,1
2016-03-03,12344240.3728806,1
2016-03-04,12352030.4728806,1
2016-03-08,12347040.292880598,1
2016-03-09,12417873.7528806,1
2016-03-10,12350562.7728806,1
2016-03-11,12377703.932880599,1
2016-03-14,12422660.7128806,1
2016-03-15,12282574.3928806,1
2016-03-16,12335321.2728806,1
2016-03-17,12371381.5328806,1
2016-03-18,12500177.8528806,1
2016-03-21,12628906.432880599,1
2016-03-22,12635973.9728806,1
2016-03-23,12647422.0328806,1
2016-03-28,12528425.432880599,1
2016-03-29,12497784.3728806,1
2016-03-30,12671672.9528806,1
2016-03-31,12684362.9128806,1
2016-04-01,12681879.112880599,1
2016-04-04,12744425.7128806,1
2016-04-05,12571327.432880599,1
2016-04-06,12615155.2128806,1
2016-04-07,12492139.3728806,1
2016-04-08,12509571.1328806,1
2016-04-11,12670589.112880599,1
2016-04-12,12748670.7528806,1
2016-04-13,12981425.3928806,1
2016-04-18,13084886.9528806,1
2016-04-20,13073213.0928806,1
2016-04-21,12961509.8328806,1
2016-04-22,12931591.3328806,1
2016-04-25,12868886.672880601,1
2016-04-26,12999963.5728806,1
2016-04-27,13074477.5728806,1
2016-04-28,12884083.0128806,1
2016-04-29,12899798.692880599,1
2016-05-02,12916982.0728806,1
2016-05-03,12831155.4928806,1
2016-05-04,12803314.3528806,1
2016-05-05,12837364.9928806,1
2016-05-06,12851229.112880599,1
2016-05-09,13013714.792880598,1
2016-05-10,13061629.5528806,1
2016-05-11,13039591.4728806,1
2016-05-12,13078722.612880599,1
2016-05-13,12958597.0128806,1
2016-05-16,13008273.0128806,1
2016-05-17,13049300.8728806,1
2016-05-18,12997908.792880598,1
2016-05-19,12878144.4728806,1
2016-05-20,12838290.7728806,1
2016-05-23,12830861.9528806,1
2016-05-24,12854119.3528806,1
2016-05-25,13113044.2128806,1
2016-05-26,13311138.5528806,1
2016-05-27,13415187.192880599,1
2016-05-30,13468746.9528806,1
2016-05-31,13400081.172880601,1
2016-06-01,13486472.2528806,1
2016-06-02,13551276.8528806,1
2016-06-03,13576589.0328806,1
2016-06-06,13529396.8328806,1
2016-06-07,13608742.9528806,1
2016-06-08,13636380.8728806,1
2016-06-09,13515058.5328806,1
2016-06-10,13489407.6528806,1
2016-06-13,13421667.6528806,1
2016-06-14,13397687.692880599,1
2016-06-15,13577898.672880601,1
2016-06-16,13497062.2728806,1
2016-06-17,13560737.8728806,1
2016-06-20,13656025.4728806,1
2016-06-21,13632339.0528806,1
2016-06-22,13611565.4528806,1
2016-06-23,13652728.792880598,1
2016-06-24,13486201.292880598,1
2016-06-27,13486923.8528806,1
2016-06-28,13553625.172880601,1
2016-06-29,13701908.0328806,1
2016-06-30,13835875.172880601,1
2016-07-01,13906821.5328806,1
2016-07-04,13925562.932880599,1
2016-07-05,13871099.9728806,1
2016-07-07,13883157.692880599,1
2016-07-08,13882773.8328806,1
2016-07-11,14063684.792880598,1
2016-07-12,14102567.5528806,1
2016-07-13,14071542.6328806,1
2016-07-14,14142240.612880599,1
2016-07-15,14100151.4928806,1
2016-07-18,14050385.172880601,1
2016-07-19,14061788.0728806,1
2016-07-20,14120157.3728806,1
2016-07-21,14107331.932880599,1
2016-07-22,14142872.8528806,1
2016-07-25,14280317.3128806,1
2016-07-26,14227186.5728806,1
2016-07-27,14265527.4128806,1
2016-07-28,14393601.172880601,1
2016-07-29,14362734.3128806,1
2016-08-01,14403762.172880601,1
2016-08-02,14418868.192880599,1
2016-08-03,14267130.5928806,1
2016-08-04,14258188.9128806,1
2016-08-05,14454160.7328806,1
2016-08-08,14524678.0728806,1
2016-08-09,14443728.7728806,1
2016-08-10,14255998.6528806,1
2016-08-11,14318883.9528806,1
2016-08-12,14411981.292880598,1
2016-08-16,14406629.8328806,1
2016-08-17,14364766.5128806,1
2016-08-18,14442825.5728806,1
2016-08-19,14428848.5528806,1
2016-08-22,14387391.672880601,1
2016-08-23,14381859.5728806,1
2016-08-24,14421419.7328806,1
2016-08-25,14316084.0328806,1
2016-08-26,14284584.932880599,1
2016-08-29,14293233.0728806,1
2016-08-30,14500540.0528806,1
2016-08-31,14589527.8328806,1
2016-09-01,14571734.792880598,1
2016-09-02,14619423.7528806,1
2016-09-06,14781480.4128806,1
2016-09-07,14700169.8328806,1
2016-09-08,14786583.4928806,1
2016-09-09,14627281.5928806,1
2016-09-12,14405162.1328806,1
2016-09-14,14431038.8128806,1
2016-09-15,14433567.7728806,1
2016-09-16,14507178.5728806,1
2016-09-19,14546851.6328806,1
2016-09-20,14474731.112880599,1
2016-09-21,14459241.2328806,1
2016-09-22,14599304.9728806,1
2016-09-23,14563199.5528806,1
2016-09-26,14413290.932880599,1
2016-09-27,14412274.8328806,1
2016-09-28,14440228.8728806,1
2016-09-29,14193316.5728806,1
2016-09-30,14236986.292880598,1
2016-10-03,14473737.5928806,1
2016-10-04,14519416.932880599,1
2016-10-05,14509752.692880599,1
2016-10-06,14471186.0528806,1
2016-10-07,14408323.3328806,1
2016-10-10,14443638.4528806,1
2016-10-13,14283613.9928806,1
2016-10-14,14274265.8728806,1
2016-10-17,14116318.7728806,1
2016-10-18,14303800.5128806,1
2016-10-19,14294429.8128806,1
2016-10-20,14281423.7328806,1
2016-10-21,14260943.672880601,1
2016-10-24,14230912.2728806,1
2016-10-25,14196026.172880601,1
2016-10-26,14178052.4928806,1
2016-10-27,14105638.432880599,1
2016-10-28,14181033.0528806,1
2016-10-30,14191848.8728806,1
2016-11-01,14169426.932880599,1
2016-11-02,14021234.3928806,1
2016-11-03,13973116.4128806,1
2016-11-04,13913166.5128806,1
2016-11-07,13954668.5528806,1
2016-11-08,13992241.672880601,1
2016-11-09,13738736.0128806,1
2016-11-10,13756077.4528806,1
2016-11-11,13387887.9728806,1
2016-11-15,13014753.4728806,1
2016-11-16,13072738.9128806,1
2016-11-17,12995876.5928806,1
2016-11-18,13034669.0328806,1
2016-11-21,12823997.6328806,1
2016-11-22,12969119.292880598,1
2016-11-23,13036814.1328806,1
2016-11-24,12999218.432880599,1
2016-11-25,13234637.5128806,1
2016-11-28,13281287.792880598,1
2016-11-29,13337399.0928806,1
2016-11-30,13459873.0128806,1
2016-12-01,13404574.5928806,1
2016-12-02,13245046.8928806,1
2016-12-05,13331415.3928806,1
2016-12-06,13333854.0328806,1
2016-12-07,13273858.9728806,1
2016-12-08,13485410.9928806,1
2016-12-09,13482453.0128806,1
2016-12-12,13317009.3528806,1
2016-12-13,13370094.932880599,1
2016-12-14,13299825.9728806,1
2016-12-15,13253920.8328806,1
2016-12-16,13242066.3328806,1
2016-12-19,13171594.1528806,1
2016-12-20,13143753.0128806,1
2016-12-21,13114195.792880598,1
2016-12-22,12985444.6328806,1
2016-12-23,12979664.1528806,1
2016-12-26,12847706.6328806,1
2016-12-27,13016153.432880599,1
2016-12-28,13046207.4128806,1
2016-12-29,13156262.3328806,1
2016-12-30,13305154.8528806,1
2017-01-02,13336021.7128806,1
2017-01-03,13365466.0328806,1
2017-01-04,13362169.3528806,1
2017-01-05,13477327.3528806,1
2017-01-06,13407893.8528806,1
2017-01-09,13386600.9128806,1
2017-01-10,13456282.792880598,1
2017-01-11,13592846.6328806,1
2017-01-12,13633671.2728806,1
2017-01-13,13590949.9128806,1
2017-01-16,13582753.3728806,1
2017-01-17,13590227.3528806,1
2017-01-18,13625497.3128806,1
2017-01-19,13626626.3128806,1
2017-01-20,13538948.172880601,1
2017-01-23,13614162.1528806,1
2017-01-24,13759667.672880601,1
2017-01-25,13926601.612880599,1
2017-01-27,13959839.3728806,1
2017-01-30,13973545.432880599,1
2017-01-31,13852087.612880599,1
2017-02-01,14032434.0728806,1
2017-02-02,14067839.5128806,1
2017-02-03,14076081.2128806,1
2017-02-06,14185345.8328806,1
2017-02-07,14156375.692880599,1
2017-02-08,14185368.4128806,1
2017-02-09,14218583.5928806,1
2017-02-10,14271714.3328806,1
2017-02-13,14298290.9928806,1
2017-02-14,14270336.9528806,1
2017-02-15,14189636.0328806,1
2017-02-16,14306487.5328806,1
2017-02-17,14338189.8528806,1
2017-02-20,14427290.5328806,1
2017-02-21,14466444.2528806,1
2017-02-22,14445964.192880599,1
2017-02-23,14460167.0128806,1
2017-02-27,14435825.7728806,1
2017-02-28,14424084.172880601,1
2017-03-01,14528200.5528806,1
2017-03-02,14462086.3128806,1
2017-03-03,14484756.6328806,1
2017-03-06,14563470.5128806,1
2017-03-07,14553648.2128806,1
2017-03-08,14535764.8528806,1
2017-03-09,14559496.432880599,1
2017-03-10,14576454.0128806,1
2017-03-14,14818918.0528806,1
2017-03-15,14812866.612880599,1
2017-03-16,14937914.6528806,1
2017-03-17,14958665.672880601,1
2017-03-20,14931772.8928806,1
2017-03-21,14933692.192880599,1
2017-03-22,14806024.8728806,1
2017-03-23,14883180.7328806,1
2017-03-24,14870129.4928806,1
2017-03-27,14801599.192880599,1
2017-03-28,14861142.6528806,1
2017-03-29,14885370.9928806,1
2017-03-30,14947195.0328806,1
2017-03-31,15006919.1328806,1
2017-04-03,15070865.692880599,1
2017-04-05,15117448.2328806,1
2017-04-06,15148202.192880599,1
2017-04-07,15055217.7528806,1
2017-04-10,15009583.5728806,1
2017-04-11,15070707.6328806,1
2017-04-12,15037289.2328806,1
2017-04-13,14975871.6328806,1
2017-04-17,14943966.0928806,1
2017-04-18,14866290.8928806,1
2017-04-19,14894312.672880601,1
2017-04-20,14962346.2128806,1
2017-04-21,14925450.4928806,1
2017-04-24,15035392.5128806,1
2017-04-25,15165679.112880599,1
2017-04-26,15185504.3528806,1
2017-04-27,15180017.4128806,1
2017-04-28,15147005.4528806,1
2017-05-02,15191217.0928806,1
2017-05-03,15238273.8128806,1
2017-05-04,15236557.7328806,1
2017-05-05,15134609.0328806,1
2017-05-08,15205690.8728806,1
2017-05-09,15227954.7528806,1
2017-05-10,15405320.6528806,1
2017-05-11,15396356.3928806,1
2017-05-12,15368108.8128806,1
2017-05-15,15422887.8928806,1
2017-05-16,15505304.8928806,1
2017-05-17,15478276.6328806,1
2017-05-18,15356976.8728806,1
2017-05-19,15282033.8528806,1
2017-05-22,15207406.9528806,1
2017-05-23,15114196.7128806,1
2017-05-24,15016425.3128806,1
2017-05-25,15160621.192880599,1
2017-05-26,15251889.5528806,1
2017-05-29,15305765.432880599,1
2017-05-30,15341983.7528806,1
2017-05-31,15342164.3928806,1
2017-06-01,15382853.5528806,1
2017-06-02,15469493.0128806,1
2017-06-05,15499298.612880599,1
2017-06-06,15461341.6328806,1
2017-06-07,15499524.4128806,1
2017-06-08,15486540.9128806,1
2017-06-09,15482408.7728806,1
2017-06-12,15417152.5728806,1
2017-06-13,15418642.8528806,1
2017-06-14,15448358.1328806,1
2017-06-15,15409272.1528806,1
2017-06-16,15414849.4128806,1
2017-06-19,15458948.1528806,1
2017-06-20,15451903.192880599,1
2017-06-21,15448629.0928806,1
2017-06-22,15418168.672880601,1
2017-06-23,15354154.3728806,1
2017-06-27,15247621.932880599,1
2017-06-28,15218990.4928806,1
2017-06-29,15210477.8328806,1
2017-06-30,15249202.5328806,1
2017-07-03,15344919.1528806,1
2017-07-04,15372195.792880598,1
2017-07-05,15438580.9928806,1
2017-07-06,15450458.0728806,1
2017-07-07,15439913.2128806,1
2017-07-10,15619717.7528806,1
2017-07-11,15632249.6528806,1
2017-07-12,15688067.4128806,1
2017-07-13,15746052.8528806,1
2017-07-14,15738353.0728806,1
2017-07-17,15841859.792880598,1
2017-07-18,15844095.2128806,1
2017-07-19,15948866.4128806,1
2017-07-20,15871620.2328806,1
2017-07-21,15982397.7128806,1
2017-07-24,16032254.3528806,1
2017-07-25,15997616.6328806,1
2017-07-26,16045441.0728806,1
2017-07-27,16027760.932880599,1
2017-07-28,16046389.432880599,1
2017-07-31,16122935.6328806,1
2017-08-01,16143935.0328806,1
2017-08-02,16113948.792880598,1
2017-08-03,16086107.6528806,1
2017-08-04,16140254.4928806,1
2017-08-07,16118058.3528806,1
2017-08-08,16020670.8128806,1
2017-08-09,15932541.0728806,1
2017-08-10,15774797.192880599,1
2017-08-11,15640378.4528806,1
2017-08-14,15786854.9128806,1
2017-08-16,15915673.8128806,1
2017-08-17,15933331.3728806,1
2017-08-18,15870581.5528806,1
2017-08-21,15714869.8728806,1
2017-08-22,15712476.3928806,1
2017-08-23,15788616.1528806,1
2017-08-24,15815102.4928806,1
2017-08-28,15926941.2328806,1
2017-08-29,15747339.9128806,1
2017-08-30,15869046.112880599,1
2017-08-31,15957333.9128806,1
2017-09-01,16066485.6328806,1
2017-09-04,15991384.5528806,1
2017-09-05,16065605.0128806,1
2017-09-06,16039344.4728806,1
2017-09-07,16078678.8328806,1
2017-09-08,16051740.8928806,1
2017-09-11,16148089.7528806,1
2017-09-12,16265821.8728806,1
2017-09-13,16266567.0128806,1
2017-09-14,16246019.2128806,1
2017-09-15,16280611.7728806,1
2017-09-18,16413472.4928806,1
2017-09-19,16412817.672880601,1
2017-09-20,16358377.292880598,1
2017-09-21,16353703.2328806,1
2017-09-22,16137951.3328806,1
2017-09-25,16026067.432880599,1
2017-09-26,15987162.0928806,1
2017-09-27,15786358.1528806,1
2017-09-28,15861865.672880601,1
2017-09-29,15872139.5728806,1
2017-10-03,15942566.5928806,1
2017-10-04,16040089.612880599,1
2017-10-05,16048240.9928806,1
2017-10-06,16173695.4728806,1
2017-10-09,16185233.8528806,1
2017-10-10,16252725.4728806,1
2017-10-11,16238951.672880601,1
2017-10-12,16399608.3728806,1
2017-10-13,16484328.5328806,1
2017-10-16,16583522.4728806,1
2017-10-17,16591831.9128806,1
2017-10-18,16635027.4528806,1
2017-10-19,16552407.2328806,1
2017-10-23,16643788.4928806,1
2017-10-24,16664878.2128806,1
2017-10-25,16617889.2328806,1
2017-10-26,16682287.3928806,1
2017-10-27,16707735.0528806,1
2017-10-30,16775384.7328806,1
2017-10-31,16770530.0328806,1
2017-11-01,16855724.3728806,1
2017-11-02,16848837.4728806,1
2017-11-03,16842966.6728806,1
2017-11-06,16873517.4128806,1
2017-11-07,16738127.7328806,1
2017-11-08,16701344.9128806,1
2017-11-09,16752782.1528806,1
2017-11-10,16754249.8528806,1
2017-11-13,16636811.2728806,1
2017-11-14,16597364.0128806,1
2017-11-15,16468206.4128806,1
2017-11-16,16594767.3128806,1
2017-11-17,16651059.2528806,1
2017-11-20,16673097.3328806,1
2017-11-21,16732414.9928806,1
2017-11-22,16747204.8928806,1
2017-11-23,16773171.8928806,1
2017-11-24,16843598.9128806,1
2017-11-27,16858072.6928806,1
2017-11-28,16868188.5328806,1
2017-11-29,16856695.3128806,1
2017-11-30,16694051.5728806,1
2017-12-01,16535923.8328806,1
2017-12-04,16536939.932880599,1
2017-12-05,16494128.2528806,1
2017-12-06,16429752.672880601,1
2017-12-07,16600954.2328806,1
2017-12-08,16742169.5528806,1
2017-12-11,16838157.132880602,1
2017-12-12,16726860.3128806,1
2017-12-13,16683145.432880599,1
2017-12-14,16723428.1528806,1
2017-12-15,16815283.5928806,1
2017-12-18,16926219.132880602,1
2017-12-19,17071385.9528806,1
2017-12-20,17077572.8728806,1
2017-12-21,17086875.832880598,1
2017-12-22,17165634.8728806,1
2017-12-26,17223371.9328806,1
2017-12-27,17196298.5128806,1
2017-12-28,17160667.2728806,1
2017-12-29,17307369.5328806,1
2018-01-01,17197472.6728806,1
2018-01-02,17231342.6728806,1
2018-01-03,17240735.9528806,1
2018-01-04,17332072.0528806,1
2018-01-05,17417808.3128806,1
2018-01-08,17523053.6928806,1
2018-01-09,17529985.7528806,1
2018-01-10,17557465.6128806,1
2018-01-11,17567897.5728806,1
2018-01-12,17606915.8128806,1
2018-01-15,17630805.4528806,1
2018-01-16,17608789.9528806,1
2018-01-17,17671742.9928806,1
2018-01-18,17652640.3128806,1
2018-01-19,17701232.4728806,1
2018-01-22,17828606.2528806,1
2018-01-23,17942432.0328806,1
2018-01-24,17940174.0328806,1
2018-01-25,17870469.5728806,1
2018-01-29,18038758.3128806,1
2018-01-30,17924300.2928806,1
2018-01-31,17853150.7128806,1
2018-02-01,17930464.632880602,1
2018-02-02,17535946.8728806,1
2018-02-05,17370412.8928806,1
2018-02-06,17066711.8928806,1
2018-02-07,17057589.5728806,1
2018-02-08,17256745.1728806,1
2018-02-09,17145741.8928806,1
2018-02-12,17329430.1928806,1
2018-02-14,17314527.3928806,1
2018-02-15,17309446.8928806,1
2018-02-16,17225178.332880598,1
2018-02-19,17081659.8528806,1
2018-02-20,17093446.6128806,1
2018-02-21,17147119.2728806,1
2018-02-22,17084166.2328806,1
2018-02-23,17212714.1728806,1
2018-02-26,17352168.2528806,1
2018-02-27,17339523.4528806,1
2018-02-28,17298473.0128806,1
2018-03-01,17289034.5728806,1
2018-03-05,17145199.9728806,1
2018-03-06,17011097.3528806,1
2018-03-07,16921454.7528806,1
2018-03-08,17017035.8928806,1
2018-03-09,17014032.7528806,1
2018-03-12,17259116.0728806,1
2018-03-13,17200588.7128806,1
2018-03-14,17150438.5328806,1
2018-03-15,17112955.7328806,1
2018-03-16,16881962.332880598,1
2018-03-19,16748537.112880599,1
2018-03-20,16815125.5328806,1
2018-03-21,16870649.7528806,1
2018-03-22,16787261.8128806,1
2018-03-23,16691951.6328806,1
2018-03-26,16815848.0928806,1
2018-03-27,16896029.6728806,1
2018-03-28,16852472.8528806,1
2018-04-02,17134158.3528806,1
2018-04-03,17179363.5128806,1
2018-04-04,17018187.4728806,1
2018-04-05,17252748.5128806,1
2018-04-06,17245839.0328806,1
2018-04-09,17295627.9328806,1
2018-04-10,17271399.5928806,1
2018-04-11,17372196.7128806,1
2018-04-12,17477554.9928806,1
2018-04-13,17513682.9928806,1
2018-04-16,17638843.9328806,1
2018-04-17,17674542.9128806,1
2018-04-18,17655982.152880598,1
2018-04-19,17716473.9728806,1
2018-04-20,17782362.4128806,1
2018-04-23,17885214.3128806,1
2018-04-24,17886885.2328806,1
2018-04-25,17916306.9728806,1
2018-04-26,17975421.4128806,1
2018-04-27,17987592.0328806,1
2018-04-30,18155564.652880598,1
2018-05-02,18056777.152880598,1
2018-05-03,17896075.2928806,1
2018-05-04,17798010.3528806,1
2018-05-07,17916781.152880598,1
2018-05-08,17843396.152880598,1
2018-05-09,17843531.632880602,1
2018-05-10,17776898.0528806,1
2018-05-11,17912965.132880602,1
2018-05-14,17929109.832880598,1
2018-05-15,17929945.2928806,1
2018-05-16,17916329.5528806,1
2018-05-17,17852608.7928806,1
2018-05-18,17755582.5328806,1
2018-05-21,17615676.8528806,1
2018-05-22,17643472.832880598,1
2018-05-23,17541095.1128806,1
2018-05-24,17632498.9528806,1
2018-05-25,17810790.632880602,1
2018-05-28,17866360.0128806,1
2018-05-29,17846625.0928806,1
2018-05-30,17830819.0928806,1
2018-05-31,17967270.0328806,1
2018-06-01,17883182.1128806,1
2018-06-04,17797061.9928806,1
2018-06-05,17695677.7928806,1
2018-06-06,17847189.5928806,1
2018-06-07,17991927.3928806,1
2018-06-08,17961286.332880598,1
2018-06-11,17988201.6928806,1
2018-06-12,18096246.9928806,1
2018-06-13,18125533.2528806,1
2018-06-14,18069828.3928806,1
2018-06-15,18113204.5728806,1
2018-06-18,18026610.2728806,1
2018-06-19,17844909.0128806,1
2018-06-20,17907523.3528806,1
2018-06-21,17814719.5528806,1
2018-06-22,17889685.152880598,1
2018-06-25,17835380.2528806,1
2018-06-26,17903955.7128806,1
2018-06-27,17754340.632880602,1
2018-06-28,17656072.4728806,1
2018-06-29,17883407.9128806,1
2018-07-02,17807132.6728806,1
2018-07-03,17893885.0328806,1
2018-07-04,18011639.7328806,1
2018-07-05,18019904.0128806,1
2018-07-06,18056709.4128806,1
2018-07-09,18191963.6128806,1
2018-07-10,18295063.8928806,1
2018-07-11,18306624.8528806,1
2018-07-12,18373484.2328806,1
2018-07-13,18380529.1928806,1
2018-07-16,18256384.3528806,1
2018-07-17,18305450.6928806,1
2018-07-18,18264919.5928806,1
2018-07-19,18169519.0928806,1
2018-07-20,18181396.1728806,1
2018-07-23,18271219.4128806,1
2018-07-24,18378790.5328806,1
2018-07-25,18331643.4928806,1
2018-07-26,18342391.5728806,1
2018-07-27,18429234.2528806,1
2018-07-30,18474258.7728806,1
2018-07-31,18639679.852880597,1
2018-08-01,18648644.112880602,1
2018-08-02,18499006.4528806,1
2018-08-03,18644150.6928806,1
2018-08-06,18626538.2928806,1
2018-08-07,18644647.4528806,1
2018-08-08,18708300.472880602,1
2018-08-09,18688113.9528806,1
2018-08-10,18663569.492880598,1
2018-08-13,18610303.2728806,1
2018-08-14,18703084.492880598,1
2018-08-16,18614887.0128806,1
2018-08-17,18717964.7128806,1
2018-08-20,18865728.2328806,1
2018-08-21,18953022.5128806,1
2018-08-23,19107018.112880602,1
2018-08-24,19098279.652880598,1
2018-08-27,19297073.972880602,1
2018-08-28,19373123.4128806,1
2018-08-29,19288629.0528806,1
2018-08-30,19276458.4328806,1
2018-08-31,19362826.9328806,1
2018-09-03,19154097.4128806,1
2018-09-04,18932452.1328806,1
2018-09-05,18828809.9328806,1
2018-09-06,18954467.6328806,1
2018-09-07,19083602.652880598,1
2018-09-10,18806433.152880598,1
2018-09-11,18644963.5728806,1
2018-09-12,18811536.2328806,1
2018-09-14,19016494.8928806,1
2018-09-17,18863537.972880602,1
2018-09-18,18751405.6928806,1
2018-09-19,18674882.0728806,1
2018-09-21,18541208.472880602,1
2018-09-24,18231410.8728806,1
2018-09-25,18393151.4128806,1
2018-09-26,18308047.3928806,1
2018-09-27,18208130.8928806,1
2018-09-28,18054451.4128806,1
2018-10-01,18131268.5728806,1
2018-10-03,17833573.8528806,1
2018-10-04,17456668.4928806,1
2018-10-05,17105752.7128806,1
2018-10-08,17154254.5528806,1
2018-10-09,17039299.7728806,1
2018-10-10,17245929.3528806,1
2018-10-11,16944079.9128806,1
2018-10-12,17334984.8728806,1
2018-10-15,17308972.7128806,1
2018-10-16,17439101.2528806,1
2018-10-17,17284654.0528806,1
2018-10-19,17021258.3528806,1
2018-10-22,16850237.4328806,1
2018-10-23,16660091.2528806,1
2018-10-24,16760143.2328806,1
2018-10-25,16695948.292880598,1
2018-10-26,16583657.9528806,1
2018-10-29,16841995.7328806,1
2018-10-30,16803767.7928806,1
2018-10-31,17081750.1728806,1
2018-11-01,17043431.9128806,1
2018-11-02,17245461.9933954,0
2018-11-05,17245461.9933954,0
2018-11-06,17245461.9933954,0
2018-11-07,17245461.9933954,0
2018-11-09,17245461.9933954,0
2018-11-12,17245461.9933954,0
2018-11-13,17245461.9933954,0
2018-11-14,17245461.9933954,0
2018-11-15,17245461.9933954,0
2018-11-16,17245461.9933954,0
2018-11-19,17245461.9933954,0
2018-11-20,17245461.9933954,0
2018-11-21,17245461.9933954,0
2018-11-22,17245461.9933954,0
2018-11-26,17245461.9933954,0
2018-11-27,17245461.9933954,0
2018-11-28,17245461.9933954,0
2018-11-29,17245461.9933954,0
2018-11-30,17245461.9933954,0
2018-12-03,17245461.9933954,0
2018-12-04,17245461.9933954,0
2018-12-05,17245461.9933954,0
2018-12-06,17245461.9933954,0
2018-12-07,17245461.9933954,0
2018-12-10,17245461.9933954,0
2018-12-11,17245461.9933954,0
2018-12-12,17245461.9933954,0
2018-12-13,17245461.9933954,0
2018-12-14,17245461.9933954,0
2018-12-17,17245461.9933954,0
2018-12-18,17245461.9933954,0
2018-12-19,17245461.9933954,0
2018-12-20,17245461.9933954,0
2018-12-21,17245461.9933954,0
2018-12-24,17245461.9933954,0
2018-12-26,17245461.9933954,0
2018-12-27,17245461.9933954,0
2018-12-28,17245461.9933954,0
2018-12-31,17245461.9933954,0
2019-01-01,17245461.9933954,0
2019-01-02,17245461.9933954,0
2019-01-03,17245461.9933954,0
2019-01-04,17245461.9933954,0
2019-01-07,17245461.9933954,0
2019-01-08,17245461.9933954,0
2019-01-09,17245461.9933954,0
2019-01-10,17245461.9933954,0
2019-01-11,17245461.9933954,0
2019-01-14,17245461.9933954,0
2019-01-15,17245461.9933954,0
2019-01-16,17245461.9933954,0
2019-01-17,17245461.9933954,0
2019-01-18,17245461.9933954,0
2019-01-21,17245461.9933954,0
2019-01-22,17245461.9933954,0
2019-01-23,17245461.9933954,0
2019-01-24,17245461.9933954,0
2019-01-25,17245461.9933954,0
2019-01-28,17245461.9933954,0
2019-01-29,17245461.9933954,0
2019-01-30,17245461.9933954,0
2019-01-31,17245461.9933954,0
2019-02-01,17245461.9933954,0
2019-02-04,17245461.9933954,0
2019-02-05,17245461.9933954,0
2019-02-06,17245461.9933954,0
2019-02-07,17245461.9933954,0
2019-02-08,17245461.9933954,0
2019-02-11,17245461.9933954,0
2019-02-12,17245461.9933954,0
2019-02-13,17245461.9933954,0
2019-02-14,17245461.9933954,0
2019-02-15,17245461.9933954,0
2019-02-18,17245461.9933954,0
2019-02-19,17245461.9933954,0
2019-02-20,17245461.9933954,0
2019-02-21,17245461.9933954,0
2019-02-22,17245461.9933954,0
2019-02-25,17245461.9933954,0
2019-02-26,17245461.9933954,0
2019-02-27,17245461.9933954,0
2019-02-28,17245461.9933954,0
2019-03-01,17245461.9933954,0
2019-03-05,17245461.9933954,0
2019-03-06,17245461.9933954,0
2019-03-07,17245461.9933954,0
2019-03-08,17245461.9933954,0
2019-03-11,17245461.9933954,0
2019-03-12,17245461.9933954,0
2019-03-13,17245461.9933954,0
2019-03-14,17245461.9933954,0
2019-03-15,17245461.9933954,0
2019-03-18,17245461.9933954,0
2019-03-19,17245461.9933954,0
2019-03-20,17245461.9933954,0
2019-03-22,17245461.9933954,0
2019-03-25,17128270.576619394,1
2019-03-26,17270474.176619396,1
2019-03-27,17313246.976619396,1
2019-03-28,17500913.776619393,1
2019-03-29,17586527.776619397,1
2019-04-01,17621958.976619396,1
2019-04-02,17646696.976619396,1
2019-04-03,17596536.976619396,1
2019-04-04,17570294.176619396,1
2019-04-05,17645853.376619395,1
2019-04-08,17564183.776619393,1
2019-04-09,17597676.976619396,1
2019-04-10,17497197.376619395,1
2019-04-11,17549226.976619396,1
2019-04-12,17621411.776619397,1
2019-04-15,17733838.576619394,1
2019-04-16,17801964.976619396,1
2019-04-18,17678890.576619394,1
2019-04-22,17422527.376619395,1
2019-04-23,17395965.376619395,1
2019-04-24,17528478.976619396,1
2019-04-25,17430826.576619394,1
2019-04-26,17477726.176619396,1
2019-04-30,17300342.176619396,1
2019-05-02,17172206.176619396,1
2019-05-03,17031416.176619396,1
2019-05-06,16866549.376619395,1
2019-05-07,16793703.376619395,1
2019-05-08,16628334.976619394,1
2019-05-09,16677400.576619396,1
2019-05-10,16558430.176619396,1
2019-05-13,16325505.376619395,1
2019-05-14,16314926.176619396,1
2019-05-15,16262258.176619396,1
2019-05-16,16340690.176619396,1
2019-05-17,16558977.376619395,1
2019-05-20,16953166.576619394,1
2019-05-21,16811783.776619393,1
2019-05-22,16786680.976619396,1
2019-05-23,16663013.776619395,1
2019-05-24,16878747.376619395,1
2019-05-27,16939212.976619396,1
2019-05-28,16986066.976619396,1
2019-05-29,16959026.176619396,1
2019-05-30,17021429.776619397,1
2019-05-31,17109597.376619395,1
2019-06-03,17230106.119979396,0
2019-06-04,17230106.119979396,0
2019-06-06,17230106.119979396,0
2019-06-07,17230106.119979396,0
2019-06-10,17230106.119979396,0
2019-06-11,17230106.119979396,0
2019-06-12,17230106.119979396,0
2019-06-13,17230106.119979396,0
2019-06-14,17230106.119979396,0
2019-06-17,17185938.014221396,1
2019-06-18,17182179.714221396,1
2019-06-19,17190481.014221396,1
2019-06-20,17348556.764221396,1
2019-06-21,17186805.314221397,1
2019-06-24,17168860.464221396,1
2019-06-25,17259472.6642214,1
2019-06-26,17307876.264221396,1
2019-06-27,17285553.614221394,1
2019-06-28,17249188.9642214,1
2019-07-01,17314566.864221398,1
2019-07-02,17395742.014221396,1
2019-07-03,17396795.1642214,1
2019-07-04,17443422.864221398,1
2019-07-05,17239566.064221397,1
2019-07-08,16929382.414221395,1
2019-07-09,16891572.264221396,1
2019-07-10,16834144.614221398,1
2019-07-11,16937890.2142214,1
2019-07-12,16901938.564221397,1
2019-07-15,16955422.064221397,1
2019-07-16,17044630.064221393,1
2019-07-17,17109512.364221394,1
2019-07-18,16993438.714221396,1
2019-07-19,16765731.164221397,1
2019-07-22,16670039.064221395,1
2019-07-23,16709294.714221396,1
2019-07-24,16688995.764221396,1
2019-07-25,16703368.164221397,1
2019-07-26,16743780.214221396,1
2019-07-29,16601563.664221397,1
2019-07-30,16545911.914221397,1
2019-07-31,16621738.714221397,1
2019-08-01,16482433.814221397,1
2019-08-02,16519066.914221397,1
2019-08-05,16383706.164221397,1
2019-08-06,16479893.864221396,1
2019-08-07,16451644.664221397,1
2019-08-08,16690565.164221397,1
2019-08-09,16784440.064221397,1
2019-08-13,16515948.764221396,1
2019-08-14,16581471.214221397,1
2019-08-16,16605652.364221398,1
2019-08-19,16608440.114221396,1
2019-08-20,16629874.814221395,1
2019-08-21,16531560.164221397,1
2019-08-22,16397231.914221397,1
2019-08-23,16481711.064221395,1
2019-08-26,16710265.264221396,1
2019-08-27,16803396.764221396,1
2019-08-28,16727755.814221397,1
2019-08-29,16660333.564221395,1
2019-08-30,16774734.564221397,1
2019-09-03,16511261.214221397,1
2019-09-04,16512665.414221395,1
2019-09-05,16558054.114221396,1
2019-09-06,16672042.114221396,1
2019-09-09,16748880.764221396,1
2019-09-11,16749624.164221395,1
2019-09-12,16637350.114221396,1
2019-09-13,16740269.714221396,1
2019-09-16,16689512.014221396,1
2019-09-17,16482640.314221395,1
2019-09-18,16509898.314221397,1
2019-09-19,16384883.214221396,1
2019-09-20,17107158.264221396,1
2019-09-23,17506054.314221397,1
2019-09-24,17525960.914221395,1
2019-09-25,17343291.014221396,1
2019-09-26,17477805.114221394,1
2019-09-27,17438322.314221397,1
2019-09-30,17430454.664221395,1
2019-10-01,17289704.264221396,1
2019-10-03,17206113.064221397,1
2019-10-04,17046591.814221397,1
2019-10-07,16983093.064221397,1
2019-10-09,17171070.014221396,1
2019-10-10,17129047.264221396,1
2019-10-11,17254661.214221396,1
2019-10-14,17302383.364221398,1
2019-10-15,17451703.514221396,1
2019-10-16,17439458.064221397,1
2019-10-17,17581757.214221396,1
2019-10-18,17698099.314221397,1
2019-10-22,17592949.514221396,1
2019-10-23,17630016.264221396,1
2019-10-24,17664150.714221396,1
2019-10-25,17623243.064221397,1
2019-10-27,17692565.114221394,1
2019-10-29,17873541.714221396,1
2019-10-30,17934707.014221396,1
2019-10-31,18000064.264221396,1
2019-11-01,17950235.814221397,1
2019-11-04,17952858.364221398,1
2019-11-05,17899767.214221396,1
2019-11-06,17945940.614221398,1
2019-11-07,18022923.814221393,1
2019-11-08,17839014.914221395,1
2019-11-11,17804653.314221397,1
2019-11-13,17771406.814221397,1
2019-11-14,17764736.864221398,1
2019-11-15,17741897.964221396,1
2019-11-18,17692090.1642214,1
2019-11-19,17702807.514221396,1
2019-11-20,17740142.7142214,1
2019-11-21,17696715.764221396,1
2019-11-22,17587663.114221398,1
2019-11-25,17750426.4142214,1
2019-11-26,17642674.714221396,1
2019-11-27,17734856.314221393,1
2019-11-28,17765149.864221394,1
2019-11-29,17660413.064221397,1
2019-12-02,17666525.464221396,1
2019-12-03,17619071.764221396,1
2019-12-04,17634166.914221395,1
2019-12-05,17635488.514221396,1
2019-12-06,17539569.264221396,1
2019-12-09,17519662.6642214,1
2019-12-10,17388246.064221397,1
2019-12-11,17455709.614221398,1
2019-12-12,17498331.214221396,1
2019-12-13,17629541.314221393,1
2019-12-16,17573745.014221396,1
2019-12-17,17711005.564221397,1
2019-12-18,17803104.564221397,1
2019-12-19,17846263.064221397,1
2019-12-20,17798024.664221395,1
2019-12-23,17808039.914221395,1
2019-12-24,17758314.714221396,1
2019-12-26,17669168.664221395,1
2019-12-27,17764323.864221394,1
2019-12-30,17804116.4142214,1
2019-12-31,17702952.064221397,1
